d_dist_mm_mean,d_dist_mm_std,d_dist_mm_min,d_dist_mm_max,d_ldr_mean,d_ldr_std,d_ldr_min,d_ldr_max,label
1.7,1.4177446878757824,0.0,5.0,-17.3,0.45825756949558394,-18.0,-17.0,0
1.6,0.8,0.0,2.0,-17.0,0.4472135954999579,-18.0,-16.0,0
2.3,1.2688577540449522,0.0,5.0,-17.3,0.6403124237432849,-18.0,-16.0,0
2.8,1.2489995996796797,2.0,5.0,-16.8,1.98997487421324,-18.0,-11.0,0
1.8,1.32664991614216,0.0,5.0,-14.9,2.118962010041709,-18.0,-11.0,0
1.1,0.9433981132056604,0.0,2.0,-12.1,1.8681541692269403,-14.0,-9.0,0
1.4,0.9165151389911679,0.0,2.0,23.8,0.7483314773547883,23.0,25.0,0
1.4,0.8,0.0,2.0,24.2,0.6,23.0,25.0,0
0.8,0.8717797887081347,0.0,2.0,24.6,0.4898979485566356,24.0,25.0,0
1.2,0.9797958971132713,0.0,2.0,24.4,0.66332495807108,23.0,25.0,0
1.6,0.8,0.0,2.0,24.4,0.66332495807108,23.0,25.0,0
1.0,1.0,0.0,2.0,24.8,0.4,24.0,25.0,0
0.9,0.7,-1.0,2.0,41.3,0.45825756949558405,41.0,42.0,0
1.3,0.6403124237432849,1.0,3.0,41.4,0.4898979485566356,41.0,42.0,0
1.9,0.9433981132056604,1.0,3.0,41.4,0.4898979485566356,41.0,42.0,0
2.6,0.66332495807108,1.0,3.0,41.7,0.6403124237432849,41.0,43.0,0
2.7,0.6403124237432849,1.0,3.0,41.9,0.5385164807134504,41.0,43.0,0
2.8,0.6,1.0,3.0,42.0,0.4472135954999579,41.0,43.0,0
-104.4,1.42828568570857,-107.0,-102.0,67.8,0.6,67.0,69.0,1
-103.8,0.6,-104.0,-102.0,68.0,0.7745966692414834,67.0,69.0,1
-103.6,0.8,-104.0,-102.0,68.0,0.7745966692414834,67.0,69.0,1
-103.8,0.6,-104.0,-102.0,68.0,0.6324555320336759,67.0,69.0,1
-104.7,1.1874342087037917,-107.0,-104.0,67.9,0.5385164807134505,67.0,69.0,1
-105.2,1.32664991614216,-107.0,-104.0,68.2,0.6,67.0,69.0,1
-257.0,0.0,-257.0,-257.0,69.8,0.6,69.0,71.0,1
-256.8,1.4000000000000001,-259.0,-253.0,70.1,0.5385164807134505,69.0,71.0,1
-257.0,1.5491933384829668,-259.0,-253.0,69.9,0.5385164807134505,69.0,71.0,1
-256.8,1.4000000000000001,-259.0,-253.0,69.7,0.45825756949558394,69.0,70.0,1
-256.6,1.2000000000000002,-257.0,-253.0,69.6,0.4898979485566356,69.0,70.0,1
-255.8,1.8330302779823362,-257.0,-253.0,69.5,0.5,69.0,70.0,1
-254.2,1.8330302779823358,-257.0,-253.0,69.8,0.6,69.0,71.0,1
-456.8,0.6000000000000001,-457.0,-455.0,82.8,0.6,82.0,84.0,1
-456.8,0.6000000000000001,-457.0,-455.0,83.2,0.6,82.0,84.0,1
-456.8,0.6000000000000001,-457.0,-455.0,83.2,0.4,83.0,84.0,1
-456.2,0.9797958971132712,-457.0,-455.0,82.7,0.45825756949558394,82.0,83.0,1
-456.4,0.9165151389911681,-457.0,-455.0,82.7,0.6403124237432849,82.0,84.0,1
-456.6,0.8,-457.0,-455.0,83.2,0.6,82.0,84.0,1
-455.8,0.9797958971132712,-457.0,-455.0,83.4,0.4898979485566356,83.0,84.0,1
302.0,0.0,302.0,302.0,82.6,0.4898979485566356,82.0,83.0,2
302.1,0.30000000000000004,302.0,303.0,82.7,0.45825756949558394,82.0,83.0,2
302.2,0.7483314773547883,301.0,304.0,82.6,0.4898979485566356,82.0,83.0,2
300.7,2.368543856465402,298.0,304.0,82.6,0.4898979485566356,82.0,83.0,2
301.0,2.569046515733026,298.0,304.0,82.7,0.6403124237432849,82.0,84.0,2
302.8,0.9797958971132712,302.0,304.0,82.7,0.6403124237432849,82.0,84.0,2
552.6,0.48989794855663565,552.0,553.0,74.7,5.060632371551998,69.0,82.0,2
552.2,0.7483314773547883,551.0,553.0,79.8,2.6758176320519307,72.0,82.0,2
552.0,0.6324555320336759,551.0,553.0,80.8,0.6,80.0,82.0,2
552.3,0.7810249675906654,551.0,554.0,80.6,0.66332495807108,80.0,82.0,2
554.0,1.8439088914585775,551.0,556.0,80.4,0.4898979485566356,80.0,81.0,2
852.3,0.9,851.0,854.0,74.4,3.2,69.0,79.0,2
852.5,0.6708203932499369,851.0,853.0,78.5,1.857417562100671,74.0,81.0,2
852.7,0.9,851.0,854.0,79.4,0.66332495807108,79.0,81.0,2
853.6,1.624807680927192,851.0,856.0,79.0,0.0,79.0,79.0,2
854.1,1.044030650891055,853.0,856.0,78.9,0.30000000000000004,78.0,79.0,2
15.6,0.9165151389911681,15.0,17.0,-258.0,0.0,-258.0,-258.0,3
23.1,11.51911454930456,15.0,48.0,-258.0,0.4472135954999579,-259.0,-257.0,3
36.3,13.453995689013729,15.0,48.0,-257.7,0.9,-259.0,-256.0,3
31.5,13.807606599262597,15.0,48.0,-256.6,1.1135528725660044,-259.0,-255.0,3
17.9,4.158124577258358,15.0,28.0,-256.0,0.4472135954999579,-257.0,-255.0,3
15.4,0.7999999999999999,15.0,17.0,-255.9,0.5385164807134505,-257.0,-255.0,3
14.6,1.7435595774162693,11.0,16.0,-448.0,1.3416407864998738,-450.0,-446.0,3
12.8,1.5999999999999999,11.0,16.0,-446.8,0.8717797887081348,-449.0,-446.0,3
12.1,0.9433981132056604,11.0,14.0,-447.0,0.6324555320336759,-448.0,-446.0,3
12.2,0.8717797887081348,11.0,14.0,-447.4,0.48989794855663565,-448.0,-447.0,3
12.6,1.019803902718557,11.0,14.0,-447.4,0.48989794855663565,-448.0,-447.0,3
13.4,1.4966629547095764,12.0,17.0,-447.3,0.6403124237432849,-448.0,-446.0,3
14.5,1.5652475842498528,12.0,16.0,-1433.5,0.9219544457292888,-1435.0,-1432.0,3
13.1,1.1357816691600546,12.0,16.0,-1433.6,0.8,-1435.0,-1432.0,3
12.6,1.2806248474865698,11.0,16.0,-1433.8,0.4,-1434.0,-1433.0,3
12.8,1.2489995996796797,11.0,16.0,-1433.6,0.48989794855663565,-1434.0,-1433.0,3
12.8,1.16619037896906,12.0,16.0,-1433.6,0.66332495807108,-1435.0,-1433.0,3
12.7,1.4866068747318506,11.0,16.0,-1433.8,0.6000000000000001,-1435.0,-1433.0,3
15.6,1.7435595774162693,13.0,17.0,202.1,0.5385164807134505,201.0,203.0,4
16.1,1.445683229480096,13.0,17.0,202.0,0.4472135954999579,201.0,203.0,4
16.4,1.2806248474865698,13.0,17.0,201.9,0.5385164807134505,201.0,203.0,4
16.8,0.6,15.0,17.0,201.9,0.5385164807134505,201.0,203.0,4
16.8,0.6,15.0,17.0,201.7,0.6403124237432849,201.0,203.0,4
17.0,0.0,17.0,17.0,201.7,0.6403124237432849,201.0,203.0,4
15.5,1.746424919657298,13.0,18.0,298.9,0.9433981132056604,298.0,300.0,4
15.9,1.8681541692269406,13.0,19.0,298.1,0.7,297.0,300.0,4
15.6,1.4966629547095764,14.0,19.0,297.8,0.4,297.0,298.0,4
14.6,0.66332495807108,13.0,15.0,297.8,0.4,297.0,298.0,4
15.4,1.7435595774162693,13.0,19.0,297.5,0.6708203932499369,296.0,298.0,4
16.2,1.8330302779823358,13.0,19.0,297.6,0.66332495807108,296.0,298.0,4
14.3,1.4866068747318506,12.0,16.0,443.0,0.0,443.0,443.0,4
15.7,0.9,13.0,16.0,443.1,0.30000000000000004,443.0,444.0,4
16.4,0.7999999999999999,16.0,18.0,443.1,0.30000000000000004,443.0,444.0,4
16.4,1.4966629547095767,14.0,18.0,443.0,0.0,443.0,443.0,4
16.0,1.2649110640673518,14.0,18.0,443.0,0.0,443.0,443.0,4
16.5,0.5,16.0,17.0,443.0,0.0,443.0,443.0,4
0.6,0.9165151389911679,0.0,2.0,-1.3,0.45825756949558394,-2.0,-1.0,0
0.0,0.0,0.0,0.0,-1.0,0.0,-1.0,-1.0,0
0.4,0.8000000000000002,0.0,2.0,-1.0,0.0,-1.0,-1.0,0
0.8,0.9797958971132712,0.0,2.0,-1.0,0.0,-1.0,-1.0,0
1.0,1.0,0.0,2.0,-0.9,0.30000000000000004,-1.0,0.0,0
1.0,1.0,0.0,2.0,-0.9,0.30000000000000004,-1.0,0.0,0
1.1,0.9433981132056604,0.0,2.0,-1.0,0.0,-1.0,-1.0,0
2.0,0.0,2.0,2.0,63.0,0.0,63.0,63.0,0
2.0,0.0,2.0,2.0,63.0,0.0,63.0,63.0,0
2.0,0.0,2.0,2.0,62.9,0.3,62.0,63.0,0
2.0,0.0,2.0,2.0,62.8,0.4,62.0,63.0,0
2.1,0.3,2.0,3.0,63.0,0.4472135954999579,62.0,64.0,0
2.2,0.39999999999999997,2.0,3.0,63.1,0.3,63.0,64.0,0
2.4,0.48989794855663565,2.0,3.0,63.4,0.4898979485566356,63.0,64.0,0
2.0,0.0,2.0,2.0,65.9,0.30000000000000004,65.0,66.0,0
2.0,0.0,2.0,2.0,65.5,0.5,65.0,66.0,0
2.0,0.0,2.0,2.0,65.1,0.30000000000000004,65.0,66.0,0
2.0,0.0,2.0,2.0,65.0,0.0,65.0,65.0,0
2.0,0.0,2.0,2.0,64.9,0.30000000000000004,64.0,65.0,0
2.3,0.6403124237432849,2.0,4.0,64.9,0.30000000000000004,64.0,65.0,0
2.3,0.6403124237432849,2.0,4.0,65.4,0.4898979485566356,65.0,66.0,0
-178.7,0.6403124237432849,-179.0,-177.0,7.0,0.0,7.0,7.0,1
-178.9,1.2206555615733703,-182.0,-177.0,7.0,0.0,7.0,7.0,1
-178.9,1.2206555615733703,-182.0,-177.0,7.0,0.0,7.0,7.0,1
-178.4,0.9165151389911679,-179.0,-177.0,7.0,0.0,7.0,7.0,1
-178.6,0.8,-179.0,-177.0,7.0,0.0,7.0,7.0,1
-179.0,0.0,-179.0,-179.0,7.0,0.0,7.0,7.0,1
-178.7,0.45825756949558394,-179.0,-178.0,7.0,0.0,7.0,7.0,1
-371.0,0.0,-371.0,-371.0,41.1,0.3,41.0,42.0,1
-371.0,0.0,-371.0,-371.0,41.0,0.0,41.0,41.0,1
-371.0,0.0,-371.0,-371.0,41.0,0.0,41.0,41.0,1
-371.0,0.0,-371.0,-371.0,41.0,0.0,41.0,41.0,1
-371.0,0.0,-371.0,-371.0,41.1,0.3,41.0,42.0,1
-371.0,0.0,-371.0,-371.0,41.1,0.3,41.0,42.0,1
-371.0,0.0,-371.0,-371.0,41.0,0.0,41.0,41.0,1
-371.0,0.0,-371.0,-371.0,41.0,0.0,41.0,41.0,1
-654.2,0.8717797887081347,-655.0,-653.0,272.0,0.0,272.0,272.0,1
-654.2,0.8717797887081347,-655.0,-653.0,272.0,0.0,272.0,272.0,1
-654.5,0.806225774829855,-655.0,-653.0,272.0,0.0,272.0,272.0,1
-654.5,0.806225774829855,-655.0,-653.0,271.6,0.48989794855663565,271.0,272.0,1
-654.6,0.66332495807108,-655.0,-653.0,271.3,0.45825756949558405,271.0,272.0,1
-654.8,0.4,-655.0,-654.0,271.4,0.48989794855663565,271.0,272.0,1
-654.9,0.30000000000000004,-655.0,-654.0,271.7,0.45825756949558405,271.0,272.0,1
-654.9,0.30000000000000004,-655.0,-654.0,271.8,0.4,271.0,272.0,1
-654.5,0.806225774829855,-655.0,-653.0,271.7,0.45825756949558405,271.0,272.0,1
445.0,63.31350566822216,346.0,487.0,-15.0,0.0,-15.0,-15.0,2
443.6,64.33692563372918,344.0,487.0,-15.0,0.0,-15.0,-15.0,2
430.0,67.60029585734074,344.0,486.0,-15.0,0.0,-15.0,-15.0,2
444.0,61.13918547053109,346.0,485.0,-14.9,0.3,-15.0,-14.0,2
458.3,51.67213949508961,353.0,485.0,-14.8,0.39999999999999997,-15.0,-14.0,2
472.6,38.5414063054269,357.0,487.0,-14.7,0.45825756949558394,-15.0,-14.0,2
458.5,53.783361739482224,349.0,487.0,-14.4,0.4898979485566356,-15.0,-14.0,2
968.6,56.301332133440674,880.0,1008.0,-16.0,0.0,-16.0,-16.0,2
955.9,58.54818528357647,880.0,1008.0,-16.0,0.0,-16.0,-16.0,2
954.9,57.70866486066022,880.0,1002.0,-16.0,0.0,-16.0,-16.0,2
990.7,35.25351046349852,885.0,1004.0,-16.0,0.0,-16.0,-16.0,2
1002.8,1.3266499161421597,1000.0,1004.0,-16.0,0.0,-16.0,-16.0,2
1003.4,0.9165151389911681,1002.0,1004.0,-16.0,0.0,-16.0,-16.0,2
1496.4,1.2000000000000002,1494.0,1498.0,-10.1,0.3,-11.0,-10.0,2
1495.9,1.1357816691600549,1494.0,1498.0,-10.2,0.39999999999999997,-11.0,-10.0,2
1495.9,0.7000000000000001,1494.0,1497.0,-10.2,0.4,-11.0,-10.0,2
1495.8,0.6000000000000001,1494.0,1496.0,-10.1,0.3,-11.0,-10.0,2
1495.6,0.8,1494.0,1496.0,-10.0,0.0,-10.0,-10.0,2
1.4,0.9165151389911681,0.0,2.0,-271.2,0.6,-272.0,-270.0,3
1.3,0.9000000000000001,0.0,2.0,-271.0,0.7745966692414834,-272.0,-269.0,3
1.3,0.9000000000000001,0.0,2.0,-270.1,1.1357816691600549,-272.0,-268.0,3
1.6,0.8,0.0,2.0,-269.2,0.7483314773547882,-270.0,-268.0,3
2.0,0.0,2.0,2.0,-269.4,0.7999999999999999,-271.0,-268.0,3
1.8,0.6,0.0,2.0,-269.4,0.8,-271.0,-268.0,3
1.6,0.8,0.0,2.0,-268.6,0.6633249580710799,-270.0,-268.0,3
1.8,0.6000000000000001,0.0,2.0,-583.4,0.6633249580710798,-584.0,-582.0,3
2.0,0.0,2.0,2.0,-583.2,0.4,-584.0,-583.0,3
2.0,0.0,2.0,2.0,-583.1,0.30000000000000004,-584.0,-583.0,3
2.0,0.0,2.0,2.0,-583.2,0.6,-584.0,-582.0,3
2.0,0.0,2.0,2.0,-583.3,0.6403124237432849,-584.0,-582.0,3
2.0,0.0,2.0,2.0,-583.1,0.5385164807134504,-584.0,-582.0,3
2.0,0.0,2.0,2.0,-582.9,0.5385164807134504,-584.0,-582.0,3
0.2,0.6000000000000001,0.0,2.0,-1069.2,1.1661903789690602,-1071.0,-1067.0,3
0.5,1.02469507659596,0.0,3.0,-1069.0,0.8944271909999159,-1071.0,-1068.0,3
1.1,1.2206555615733703,0.0,3.0,-1069.1,0.9433981132056604,-1070.0,-1067.0,3
2.1,1.2206555615733703,0.0,3.0,-1069.7,0.9,-1070.0,-1067.0,3
3.0,0.0,3.0,3.0,-1069.5,0.6708203932499369,-1070.0,-1068.0,3
2.7,0.6403124237432849,1.0,3.0,-1069.0,0.8944271909999159,-1071.0,-1068.0,3
2.2,0.6,1.0,3.0,-1069.2,0.9797958971132713,-1071.0,-1068.0,3
2.0,0.0,2.0,2.0,273.4,0.48989794855663565,273.0,274.0,4
2.0,0.0,2.0,2.0,273.5,0.5,273.0,274.0,4
2.0,0.0,2.0,2.0,273.4,0.48989794855663565,273.0,274.0,4
2.0,0.0,2.0,2.0,273.2,0.4,273.0,274.0,4
2.0,0.0,2.0,2.0,273.1,0.3,273.0,274.0,4
2.0,0.0,2.0,2.0,273.4,0.48989794855663565,273.0,274.0,4
2.0,0.0,2.0,2.0,273.7,0.45825756949558405,273.0,274.0,4
2.3,0.6403124237432849,2.0,4.0,706.5,0.6708203932499369,705.0,707.0,4
2.4,0.66332495807108,2.0,4.0,705.5,0.6708203932499369,705.0,707.0,4
2.2,0.39999999999999997,2.0,3.0,704.5,0.5,704.0,705.0,4
2.3,0.45825756949558405,2.0,3.0,703.8,0.4,703.0,704.0,4
2.8,0.7483314773547882,2.0,4.0,703.3,0.45825756949558405,703.0,704.0,4
2.6,0.8,2.0,4.0,702.8,0.4,702.0,703.0,4
2.1,0.3,2.0,3.0,702.3,0.45825756949558405,702.0,703.0,4
1.4,0.9165151389911681,0.0,2.0,868.0,0.0,868.0,868.0,4
1.4,0.9165151389911679,0.0,2.0,868.0,0.0,868.0,868.0,4
1.5,0.806225774829855,0.0,2.0,868.0,0.0,868.0,868.0,4
0.7,0.9000000000000001,0.0,2.0,867.9,0.30000000000000004,867.0,868.0,4
0.4,0.8000000000000002,0.0,2.0,867.7,0.45825756949558405,867.0,868.0,4
0.6,0.9165151389911681,0.0,2.0,867.6,0.48989794855663565,867.0,868.0,4
1.0,1.0,0.0,2.0,867.3,0.45825756949558405,867.0,868.0,4
