t_ms,dist_mm,d_dist_mm,ldr,d_ldr,missed,label,session,pred,infer_us,trial,staged
90,997,0,2489,-16,0,0,1,0,20,0,0
215,999,2,2489,-16,0,0,1,0,21,0,0
340,997,0,2489,-16,0,0,1,0,21,0,0
464,997,0,2488,-17,0,0,1,0,21,0,0
589,998,1,2489,-16,0,0,1,0,20,0,0
713,997,0,2488,-17,0,0,1,0,21,0,0
837,998,1,2488,-17,0,0,1,0,20,0,0
962,997,0,2489,-16,0,0,1,0,21,0,0
1087,998,1,2489,-16,0,0,1,0,21,0,0
1212,998,1,2489,-16,0,0,1,0,20,0,0
1336,998,1,2489,-16,0,0,1,0,20,0,0
1461,998,1,2489,-16,0,0,1,0,20,0,0
1585,998,1,2489,-16,0,0,1,0,20,0,0
1710,998,1,2489,-16,0,0,1,0,20,0,0
1835,998,1,2488,-17,0,0,1,0,20,0,0
1960,998,1,2489,-16,0,0,1,0,20,0,0
2085,998,1,2489,-16,0,0,1,0,20,0,0
2210,998,1,2489,-16,0,0,1,0,20,0,0
2335,998,1,2489,-16,0,0,1,0,20,0,0
2460,999,2,2489,-16,0,0,1,0,21,0,0
2585,999,2,2489,-16,0,0,1,0,21,0,0
2710,998,1,2489,-16,0,0,1,0,20,0,0
2834,998,1,2489,-16,0,0,1,0,20,0,0
2958,998,1,2489,-16,0,0,1,0,21,0,0
3083,998,2,2488,-17,0,0,1,0,20,0,0
3208,998,1,2489,-16,0,0,1,0,21,0,0
3332,998,1,2489,-16,0,0,1,0,20,0,0
3457,998,1,2489,-16,0,0,1,0,20,0,0
3582,998,1,2488,-17,0,0,1,0,21,0,0
3707,998,1,2489,-16,0,0,1,0,21,0,0
3831,998,1,2489,-16,0,0,1,0,21,0,0
3956,998,1,2488,-17,0,0,1,0,20,0,0
4080,998,1,2489,-16,0,0,1,0,20,0,0
4204,998,1,2489,-16,0,0,1,0,20,0,0
4328,998,1,2489,-16,0,0,1,0,21,0,0
4452,998,1,2489,-16,0,0,1,0,21,0,0
4577,999,2,2488,-17,0,0,1,0,21,0,0
4702,997,1,2489,-16,0,0,1,0,20,0,0
4827,997,0,2489,-16,0,0,1,0,21,0,0
4952,998,1,2490,-15,0,0,1,0,21,0,0
5077,998,1,2489,-16,0,0,1,0,20,0,0
80,702,-295,2485,-20,0,1,1,1,20,0,1
195,702,-295,2485,-20,0,1,1,1,20,0,1
310,702,-295,2484,-21,0,1,1,1,19,0,1
425,702,-295,2484,-21,0,1,1,1,20,0,1
540,706,-291,2485,-20,0,1,1,1,20,0,1
655,702,-295,2484,-21,0,1,1,1,20,0,1
770,702,-294,2484,-21,0,1,1,1,20,0,1
885,702,-295,2484,-21,0,1,1,1,20,0,1
1000,703,-294,2484,-21,0,1,1,1,20,0,1
1115,703,-293,2485,-20,0,1,1,1,20,0,1
1230,702,-295,2484,-21,0,1,1,1,20,0,1
1345,702,-295,2484,-21,0,1,1,1,20,0,1
1460,703,-293,2485,-20,0,1,1,1,19,0,1
1575,702,-295,2484,-21,0,1,1,1,20,0,1
1690,702,-294,2484,-21,0,1,1,1,20,0,1
1804,702,-294,2484,-21,0,1,1,1,19,0,1
1920,702,-295,2484,-21,0,1,1,1,20,0,1
2035,702,-295,2484,-21,0,1,1,1,19,0,1
2150,702,-295,2484,-21,0,1,1,1,20,0,1
2265,702,-295,2484,-21,0,1,1,1,20,0,1
2380,702,-294,2484,-21,0,1,1,1,19,0,1
2495,702,-295,2483,-22,0,1,1,1,20,0,1
2610,702,-295,2484,-21,0,1,1,1,20,0,1
2726,702,-295,2483,-22,0,1,1,1,19,0,1
2841,705,-292,2484,-21,0,1,1,1,20,0,1
2956,702,-295,2483,-22,0,1,1,1,20,0,1
3071,703,-293,2484,-21,0,1,1,1,20,0,1
3186,702,-295,2483,-22,0,1,1,1,19,0,1
3301,702,-294,2483,-22,0,1,1,1,20,0,1
3416,702,-294,2484,-21,0,1,1,1,20,0,1
3531,701,-295,2483,-22,0,1,1,1,19,0,1
3646,702,-295,2484,-21,0,1,1,1,19,0,1
3761,702,-294,2484,-21,0,1,1,1,20,0,1
3876,702,-294,2483,-22,0,1,1,1,20,0,1
3991,702,-295,2484,-21,0,1,1,1,20,0,1
4106,704,-292,2483,-22,0,1,1,1,20,0,1
4221,707,-290,2484,-21,0,1,1,1,20,0,1
4336,702,-295,2484,-21,0,1,1,1,20,0,1
4451,702,-295,2484,-21,0,1,1,1,20,0,1
4567,706,-291,2484,-21,0,1,1,1,19,0,1
4682,706,-291,2484,-21,0,1,1,1,20,0,1
4797,702,-295,2484,-21,0,1,1,1,20,0,1
4912,701,-296,2484,-21,0,1,1,1,19,0,1
5027,703,-294,2483,-22,0,1,1,1,20,0,1
96,1302,305,2489,-16,0,2,1,2,20,0,2
226,1302,305,2488,-17,0,2,1,2,21,0,2
356,1303,306,2488,-17,0,2,1,2,20,0,2
486,1300,303,2489,-16,0,2,1,2,21,0,2
616,1302,305,2489,-16,0,2,1,2,21,0,2
746,1301,304,2488,-17,0,2,1,2,21,0,2
877,1301,304,2488,-17,0,2,1,2,20,0,2
1007,1304,307,2489,-16,0,2,1,2,21,0,2
1137,1303,306,2488,-17,0,2,1,2,21,0,2
1268,1301,304,2488,-17,0,2,1,2,20,0,2
1398,1299,303,2488,-17,0,2,1,2,21,0,2
1529,1298,301,2488,-17,0,2,1,2,21,0,2
1659,1298,301,2488,-17,0,2,1,2,21,0,2
1790,1301,304,2488,-17,0,2,1,2,21,0,2
1920,1301,304,2488,-17,0,2,1,2,21,0,2
2049,1301,304,2488,-17,0,2,1,2,20,0,2
2179,1299,303,2487,-18,0,2,1,2,21,0,2
2309,1301,304,2488,-17,0,2,1,2,20,0,2
2439,1302,305,2488,-17,0,2,1,2,20,0,2
2569,1301,304,2489,-16,0,2,1,2,21,0,2
2700,1301,304,2488,-17,0,2,1,2,20,0,2
2831,1300,304,2488,-17,0,2,1,2,20,0,2
2961,1299,303,2488,-17,0,2,1,2,20,0,2
3091,1301,304,2488,-17,0,2,1,2,21,0,2
3222,1298,301,2488,-17,0,2,1,2,21,0,2
3353,1298,301,2488,-17,0,2,1,2,21,0,2
3484,1299,303,2488,-17,0,2,1,2,20,0,2
3614,1302,305,2488,-17,0,2,1,2,21,0,2
3744,1302,305,2488,-17,0,2,1,2,20,0,2
3875,1301,304,2488,-17,0,2,1,2,20,0,2
4005,1301,304,2488,-17,0,2,1,2,20,0,2
4134,1299,302,2488,-17,0,2,1,2,20,0,2
4265,1301,304,2487,-18,0,2,1,2,21,0,2
4395,1299,302,2488,-17,0,2,1,2,21,0,2
4525,1301,304,2487,-18,0,2,1,2,21,0,2
4655,1299,303,2488,-17,0,2,1,2,21,0,2
4786,1301,304,2488,-17,0,2,1,2,20,0,2
4916,1302,305,2488,-17,0,2,1,2,20,0,2
5046,1298,301,2488,-17,0,2,1,2,21,0,2
90,1003,6,2275,-230,0,3,1,3,20,0,3
215,1003,6,2275,-230,0,3,1,3,20,0,3
340,1003,6,2275,-230,0,3,1,3,21,0,3
465,1003,6,2275,-230,0,3,1,3,20,0,3
589,1003,6,2275,-230,0,3,1,3,21,0,3
714,1003,6,2276,-229,0,3,1,3,20,0,3
839,1003,6,2276,-229,0,3,1,3,20,0,3
964,1004,7,2275,-230,0,3,1,3,20,0,3
1088,1003,7,2275,-230,0,3,1,3,20,0,3
1213,1003,6,2276,-229,0,3,1,3,20,0,3
1338,1003,7,2275,-230,0,3,1,3,20,0,3
1463,1003,6,2276,-229,0,3,1,3,20,0,3
1587,1003,6,2276,-229,0,3,1,3,20,0,3
1712,1003,6,2275,-230,0,3,1,3,20,0,3
1837,1002,6,2275,-230,0,3,1,3,20,0,3
1962,1003,6,2275,-230,0,3,1,3,20,0,3
2086,1003,6,2275,-230,0,3,1,3,21,0,3
2210,1003,6,2275,-230,0,3,1,3,20,0,3
2335,1003,6,2276,-229,0,3,1,3,20,0,3
2460,1003,6,2276,-229,0,3,1,3,20,0,3
2584,1003,6,2275,-230,0,3,1,3,20,0,3
2709,1003,6,2275,-230,0,3,1,3,20,0,3
2834,1002,5,2275,-230,0,3,1,3,20,0,3
2959,1003,6,2275,-230,0,3,1,3,20,0,3
3084,1003,6,2276,-229,0,3,1,3,20,0,3
3209,1003,6,2275,-230,0,3,1,3,21,0,3
3334,1003,6,2275,-230,0,3,1,3,20,0,3
3459,1004,7,2275,-230,0,3,1,3,20,0,3
3583,1003,6,2275,-230,0,3,1,3,20,0,3
3708,1003,6,2275,-230,0,3,1,3,20,0,3
3833,1003,7,2275,-230,0,3,1,3,20,0,3
3958,1002,5,2275,-230,0,3,1,3,20,0,3
4083,1003,6,2275,-230,0,3,1,3,20,0,3
4208,1003,6,2275,-230,0,3,1,3,21,0,3
4333,1004,7,2276,-229,0,3,1,3,20,0,3
4456,1003,6,2276,-229,0,3,1,3,20,0,3
4581,1004,7,2275,-230,0,3,1,3,20,0,3
4706,1003,6,2276,-229,0,3,1,3,20,0,3
4831,1003,6,2276,-229,0,3,1,3,20,0,3
4956,1003,6,2276,-229,0,3,1,3,20,0,3
5081,1004,7,2275,-230,0,3,1,3,20,0,3
90,1004,7,2763,258,0,4,1,4,21,0,4
213,1003,6,2763,258,0,4,1,4,20,0,4
336,1004,7,2763,258,0,4,1,4,20,0,4
461,1004,7,2763,258,0,4,1,4,20,0,4
584,1002,5,2763,258,0,4,1,4,20,0,4
708,1003,6,2763,258,0,4,1,4,20,0,4
831,1002,5,2763,258,0,4,1,4,20,0,4
955,1003,6,2763,258,0,4,1,4,20,0,4
1079,1004,7,2764,259,0,4,1,4,21,0,4
1203,1002,5,2763,258,0,4,1,4,20,0,4
1328,1003,6,2763,258,0,4,1,4,21,0,4
1452,1002,6,2764,259,0,4,1,4,21,0,4
1577,1002,5,2763,258,0,4,1,4,20,0,4
1702,1004,7,2764,259,0,4,1,4,20,0,4
1825,1002,5,2764,259,0,4,1,4,20,0,4
1949,1003,6,2763,258,0,4,1,4,20,0,4
2074,1004,7,2763,258,0,4,1,4,20,0,4
2199,1003,6,2763,258,0,4,1,4,20,0,4
2324,1002,5,2763,258,0,4,1,4,20,0,4
2449,1004,7,2763,258,0,4,1,4,20,0,4
2574,1004,7,2763,258,0,4,1,4,21,0,4
2699,1004,7,2763,258,0,4,1,4,20,0,4
2824,1002,5,2762,257,0,4,1,4,20,0,4
2948,1002,5,2762,257,0,4,1,4,20,0,4
3072,1003,6,2762,257,0,4,1,4,20,0,4
3196,1003,6,2762,257,0,4,1,4,20,0,4
3321,1002,5,2763,258,0,4,1,4,20,0,4
3446,1002,5,2763,258,0,4,1,4,20,0,4
3570,1002,5,2762,257,0,4,1,4,21,0,4
3694,1004,7,2763,258,0,4,1,4,20,0,4
3819,1004,7,2763,258,0,4,1,4,21,0,4
3944,1002,5,2763,258,0,4,1,4,20,0,4
4068,1002,5,2763,258,0,4,1,4,20,0,4
4193,1004,7,2763,258,0,4,1,4,20,0,4
4318,1004,7,2763,258,0,4,1,4,21,0,4
4443,1003,6,2763,258,0,4,1,4,21,0,4
4568,1002,5,2763,258,0,4,1,4,20,0,4
4693,1002,5,2762,257,0,4,1,4,20,0,4
4818,1004,7,2763,258,0,4,1,4,20,0,4
4942,1004,7,2762,257,0,4,1,4,21,0,4
5067,1004,7,2762,257,0,4,1,4,20,0,4
90,1003,6,2631,126,0,0,1,0,20,1,0
215,1003,6,2630,125,0,0,1,0,21,1,0
339,1003,6,2631,126,0,0,1,0,21,1,0
463,1004,8,2630,125,0,0,1,0,20,1,0
587,1004,7,2631,126,0,0,1,0,20,1,0
711,1003,6,2630,125,0,0,1,0,21,1,0
836,1003,6,2630,125,0,0,1,0,20,1,0
961,1003,6,2630,125,0,0,1,0,20,1,0
1086,1003,6,2630,125,0,0,1,0,20,1,0
1210,1003,6,2631,126,0,0,1,0,20,1,0
1335,1004,7,2630,125,0,0,1,0,21,1,0
1459,1003,6,2630,125,0,0,1,0,20,1,0
1584,1003,6,2630,125,0,0,1,0,20,1,0
1708,1002,6,2630,125,0,0,1,0,20,1,0
1832,1003,6,2630,125,0,0,1,0,20,1,0
1956,1003,6,2631,126,0,0,1,0,21,1,0
2081,1003,6,2630,125,0,0,1,0,20,1,0
2206,1003,6,2631,126,0,0,1,0,21,1,0
2330,1003,6,2631,126,0,0,1,0,20,1,0
2455,1001,5,2630,125,0,0,1,0,21,1,0
2580,1003,6,2630,125,0,0,1,0,21,1,0
2704,1003,6,2630,125,0,0,1,0,21,1,0
2829,1003,7,2631,126,0,0,1,0,21,1,0
2954,1003,7,2631,126,0,0,1,0,20,1,0
3079,1003,6,2630,125,0,0,1,0,21,1,0
3204,1003,6,2630,125,0,0,1,0,21,1,0
3329,1003,6,2630,125,0,0,1,0,20,1,0
3454,1003,6,2631,126,0,0,1,0,21,1,0
3579,1003,6,2630,125,0,0,1,0,21,1,0
3704,1003,6,2631,126,0,0,1,0,21,1,0
3829,1003,6,2631,126,0,0,1,0,20,1,0
3953,1003,6,2630,125,0,0,1,0,21,1,0
4077,1003,6,2631,126,0,0,1,0,21,1,0
4201,1003,6,2631,126,0,0,1,0,20,1,0
4325,1003,6,2630,125,0,0,1,0,21,1,0
4450,1003,6,2630,125,0,0,1,0,20,1,0
4574,1003,6,2630,125,0,0,1,0,21,1,0
4699,1003,6,2631,126,0,0,1,0,20,1,0
4823,1003,6,2631,126,0,0,1,0,20,1,0
4948,1003,6,2630,125,0,0,1,0,21,1,0
5073,1003,6,2630,125,0,0,1,0,21,1,0
81,698,-299,2626,121,0,1,1,1,20,1,1
196,700,-297,2626,121,0,1,1,1,20,1,1
311,700,-297,2626,121,0,1,1,1,20,1,1
426,698,-299,2626,121,0,1,1,1,20,1,1
541,700,-297,2626,121,0,1,1,1,20,1,1
656,700,-297,2626,121,0,1,1,1,20,1,1
771,700,-297,2626,121,0,1,1,1,20,1,1
886,699,-298,2625,120,0,1,1,1,20,1,1
1001,700,-297,2626,121,0,1,1,1,20,1,1
1116,698,-299,2626,121,0,1,1,1,20,1,1
1231,696,-300,2626,121,0,1,1,1,20,1,1
1346,696,-300,2626,121,0,1,1,1,20,1,1
1461,696,-300,2626,121,0,1,1,1,20,1,1
1576,696,-300,2626,121,0,1,1,1,20,1,1
1691,696,-300,2626,121,0,1,1,1,20,1,1
1807,696,-300,2626,121,0,1,1,1,20,1,1
1922,696,-300,2626,121,0,1,1,1,20,1,1
2037,700,-297,2626,121,0,1,1,1,20,1,1
2152,698,-299,2626,121,0,1,1,1,20,1,1
2267,699,-298,2626,121,0,1,1,1,19,1,1
2382,698,-299,2626,121,0,1,1,1,20,1,1
2497,698,-299,2626,121,0,1,1,1,20,1,1
2613,696,-300,2626,121,0,1,1,1,20,1,1
2728,699,-298,2626,121,0,1,1,1,20,1,1
2843,696,-300,2626,121,0,1,1,1,19,1,1
2958,700,-297,2625,120,0,1,1,1,20,1,1
3073,696,-300,2626,121,0,1,1,1,20,1,1
3188,700,-297,2626,121,0,1,1,1,20,1,1
3303,698,-299,2626,121,0,1,1,1,20,1,1
3418,699,-298,2626,121,0,1,1,1,20,1,1
3533,699,-298,2626,121,0,1,1,1,20,1,1
3648,696,-300,2625,120,0,1,1,1,20,1,1
3763,698,-299,2626,121,0,1,1,1,20,1,1
3878,699,-298,2626,121,0,1,1,1,20,1,1
3993,695,-301,2626,121,0,1,1,1,20,1,1
4108,698,-299,2626,121,0,1,1,1,20,1,1
4223,698,-299,2627,122,0,1,1,1,20,1,1
4338,696,-300,2626,121,0,1,1,1,19,1,1
4453,696,-300,2626,121,0,1,1,1,20,1,1
4568,700,-297,2626,121,0,1,1,1,19,1,1
4683,700,-297,2625,120,0,1,1,1,20,1,1
4798,700,-297,2626,121,0,1,1,1,20,1,1
4913,696,-300,2626,121,0,1,1,1,20,1,1
5028,698,-299,2626,121,0,1,1,1,20,1,1
96,1304,308,2630,125,0,2,1,2,21,1,2
226,1304,307,2630,125,0,2,1,2,20,1,2
356,1303,307,2630,125,0,2,1,2,20,1,2
486,1304,307,2630,125,0,2,1,2,21,1,2
616,1304,308,2630,125,0,2,1,2,20,1,2
746,1304,307,2630,125,0,2,1,2,21,1,2
876,1304,307,2630,125,0,2,1,2,20,1,2
1006,1304,307,2630,125,0,2,1,2,21,1,2
1136,1307,310,2630,125,0,2,1,2,20,1,2
1266,1304,307,2630,125,0,2,1,2,21,1,2
1396,1304,307,2630,125,0,2,1,2,21,1,2
1526,1304,308,2630,125,0,2,1,2,20,1,2
1656,1304,308,2630,125,0,2,1,2,21,1,2
1786,1304,307,2630,125,0,2,1,2,21,1,2
1916,1304,307,2630,125,0,2,1,2,21,1,2
2046,1304,307,2630,125,0,2,1,2,20,1,2
2175,1308,311,2630,125,0,2,1,2,20,1,2
2305,1304,307,2630,125,0,2,1,2,21,1,2
2435,1303,306,2630,125,0,2,1,2,20,1,2
2565,1303,306,2630,125,0,2,1,2,20,1,2
2695,1304,307,2630,125,0,2,1,2,20,1,2
2825,1303,307,2630,125,0,2,1,2,21,1,2
2955,1304,307,2630,125,0,2,1,2,21,1,2
3085,1304,307,2629,124,0,2,1,2,20,1,2
3215,1304,307,2630,125,0,2,1,2,20,1,2
3345,1303,307,2630,125,0,2,1,2,20,1,2
3475,1303,307,2630,125,0,2,1,2,21,1,2
3605,1304,307,2630,125,0,2,1,2,21,1,2
3735,1304,307,2630,125,0,2,1,2,21,1,2
3865,1304,307,2630,125,0,2,1,2,38,1,2
3995,1304,307,2630,125,0,2,1,2,38,1,2
4125,1304,308,2630,125,0,2,1,2,21,1,2
4255,1307,310,2630,125,0,2,1,2,20,1,2
4385,1304,307,2631,126,0,2,1,2,20,1,2
4515,1304,308,2630,125,0,2,1,2,20,1,2
4645,1304,307,2630,125,0,2,1,2,20,1,2
4776,1304,307,2629,124,0,2,1,2,38,1,2
4906,1304,307,2631,126,0,2,1,2,38,1,2
5036,1304,307,2630,125,0,2,1,2,38,1,2
95,1305,308,2270,-235,0,3,1,3,20,1,3
226,1304,308,2269,-236,0,3,1,3,20,1,3
356,1305,308,2270,-235,0,3,1,3,20,1,3
486,1305,308,2269,-236,0,3,1,3,21,1,3
616,1305,308,2270,-235,0,3,1,3,20,1,3
746,1305,308,2270,-235,0,3,1,3,20,1,3
877,1304,307,2270,-235,0,3,1,3,20,1,3
1008,1305,308,2270,-235,0,3,1,3,20,1,3
1139,1306,310,2270,-235,0,3,1,3,20,1,3
1270,1305,308,2270,-235,0,3,1,3,20,1,3
1400,1305,308,2270,-235,0,3,1,3,20,1,3
1530,1305,308,2270,-235,0,3,1,3,20,1,3
1660,1305,308,2270,-235,0,3,1,3,21,1,3
1791,1304,307,2271,-234,0,3,1,3,20,1,3
1921,1303,306,2270,-235,0,3,1,3,20,1,3
2052,1305,308,2271,-234,0,3,1,3,21,1,3
2182,1304,307,2270,-235,0,3,1,3,20,1,3
2312,1303,306,2270,-235,0,3,1,3,20,1,3
2443,1303,307,2271,-234,0,3,1,3,20,1,3
2574,1305,308,2270,-235,0,3,1,3,20,1,3
2705,1304,307,2270,-235,0,3,1,3,20,1,3
2836,1303,306,2270,-235,0,3,1,3,20,1,3
2967,1305,308,2271,-234,0,3,1,3,20,1,3
3097,1304,307,2270,-235,0,3,1,3,20,1,3
3228,1303,307,2270,-235,0,3,1,3,20,1,3
3358,1304,307,2270,-235,0,3,1,3,20,1,3
3489,1305,308,2271,-234,0,3,1,3,20,1,3
3619,1305,308,2270,-235,0,3,1,3,20,1,3
3750,1305,308,2271,-234,0,3,1,3,20,1,3
3880,1305,308,2270,-235,0,3,1,3,20,1,3
4010,1305,308,2271,-234,0,3,1,3,20,1,3
4141,1304,308,2271,-234,0,3,1,3,20,1,3
4272,1305,308,2270,-235,0,3,1,3,20,1,3
4402,1303,307,2271,-234,0,3,1,3,20,1,3
4533,1303,306,2271,-234,0,3,1,3,21,1,3
4663,1305,308,2271,-234,0,3,1,3,20,1,3
4794,1304,307,2271,-234,0,3,1,3,21,1,3
4924,1305,308,2271,-234,0,3,1,3,20,1,3
5054,1303,306,2271,-234,0,3,1,3,21,1,3
96,1303,307,2761,256,0,4,1,4,38,1,4
227,1304,307,2760,255,0,4,1,4,20,1,4
357,1304,307,2761,256,0,4,1,4,20,1,4
487,1304,307,2761,256,0,4,1,4,20,1,4
618,1304,308,2760,255,0,4,1,4,38,1,4
748,1304,307,2761,256,0,4,1,4,38,1,4
878,1304,307,2760,255,0,4,1,4,38,1,4
1008,1304,307,2761,256,0,4,1,4,21,1,4
1138,1304,308,2760,255,0,4,1,4,21,1,4
1268,1303,307,2760,255,0,4,1,4,21,1,4
1398,1304,307,2760,255,0,4,1,4,20,1,4
1529,1304,307,2760,255,0,4,1,4,21,1,4
1659,1304,307,2760,255,0,4,1,4,20,1,4
1789,1304,307,2760,255,0,4,1,4,20,1,4
1919,1305,308,2760,255,0,4,1,4,20,1,4
2049,1304,308,2759,254,0,4,1,4,20,1,4
2179,1305,308,2759,254,0,4,1,4,20,1,4
2309,1304,307,2760,255,0,4,1,4,20,1,4
2439,1304,307,2759,254,0,4,1,4,20,1,4
2569,1304,307,2760,255,0,4,1,4,21,1,4
2699,1304,307,2760,255,0,4,1,4,21,1,4
2830,1304,307,2760,255,0,4,1,4,21,1,4
2960,1304,307,2760,255,0,4,1,4,20,1,4
3091,1304,307,2759,254,0,4,1,4,20,1,4
3221,1304,307,2760,255,0,4,1,4,20,1,4
3351,1305,308,2760,255,0,4,1,4,20,1,4
3481,1304,307,2760,255,0,4,1,4,21,1,4
3611,1304,307,2760,255,0,4,1,4,21,1,4
3740,1304,307,2760,255,0,4,1,4,20,1,4
3870,1305,308,2760,255,0,4,1,4,20,1,4
4000,1304,307,2760,255,0,4,1,4,21,1,4
4130,1305,309,2760,255,0,4,1,4,20,1,4
4260,1304,307,2760,255,0,4,1,4,20,1,4
4390,1304,307,2760,255,0,4,1,4,20,1,4
4520,1303,306,2759,254,0,4,1,4,21,1,4
4650,1304,307,2760,255,0,4,1,4,20,1,4
4780,1304,307,2760,255,0,4,1,4,21,1,4
4910,1304,307,2760,255,0,4,1,4,20,1,4
5040,1304,307,2760,255,0,4,1,4,21,1,4
90,1001,4,2624,119,0,0,1,0,21,2,0
215,997,0,2625,120,0,0,1,0,20,2,0
339,998,1,2624,119,0,0,1,0,21,2,0
464,997,0,2624,119,0,0,1,0,21,2,0
589,997,1,2624,119,0,0,1,0,20,2,0
713,1000,3,2624,119,0,0,1,0,20,2,0
837,998,1,2625,120,0,0,1,0,20,2,0
962,1001,4,2625,120,0,0,1,0,20,2,0
1087,997,0,2624,119,0,0,1,0,20,2,0
1212,997,0,2624,119,0,0,1,0,20,2,0
1337,997,0,2625,120,0,0,1,0,21,2,0
1461,997,0,2624,119,0,0,1,0,20,2,0
1585,997,-0,2625,120,0,0,1,0,20,2,0
1709,997,0,2625,120,0,0,1,0,20,2,0
1834,998,2,2625,120,0,0,1,0,20,2,0
1959,997,0,2624,119,0,0,1,0,21,2,0
2084,997,0,2625,120,0,0,1,0,21,2,0
2209,997,0,2625,120,0,0,1,0,21,2,0
2334,997,0,2624,119,0,0,1,0,20,2,0
2459,997,0,2625,120,0,0,1,0,20,2,0
2583,997,-0,2625,120,0,0,1,0,20,2,0
2708,1002,5,2625,120,0,0,1,0,20,2,0
2833,1000,3,2625,120,0,0,1,0,20,2,0
2958,997,0,2625,120,0,0,1,0,21,2,0
3083,997,0,2625,120,0,0,1,0,21,2,0
3208,997,0,2625,120,0,0,1,0,20,2,0
3333,997,1,2624,119,0,0,1,0,20,2,0
3457,997,1,2625,120,0,0,1,0,20,2,0
3581,997,0,2624,119,0,0,1,0,20,2,0
3705,998,2,2625,120,0,0,1,0,20,2,0
3830,997,0,2625,120,0,0,1,0,20,2,0
3955,997,0,2625,120,0,0,1,0,20,2,0
4080,997,0,2625,120,0,0,1,0,21,2,0
4205,1001,4,2624,119,0,0,1,0,20,2,0
4329,1000,3,2624,119,0,0,1,0,21,2,0
4453,997,0,2625,120,0,0,1,0,20,2,0
4578,997,0,2625,120,0,0,1,0,20,2,0
4702,997,0,2625,120,0,0,1,0,20,2,0
4827,997,0,2625,120,0,0,1,0,21,2,0
4951,1000,3,2624,119,0,0,1,0,20,2,0
5076,997,0,2624,119,0,0,1,0,21,2,0
80,700,-297,2621,116,0,1,1,1,20,2,1
195,699,-298,2621,116,0,1,1,1,20,2,1
310,700,-297,2621,116,0,1,1,1,20,2,1
425,700,-297,2621,116,0,1,1,1,20,2,1
540,699,-298,2621,116,0,1,1,1,20,2,1
655,699,-298,2621,116,0,1,1,1,20,2,1
770,700,-297,2621,116,0,1,1,1,20,2,1
885,700,-297,2621,116,0,1,1,1,20,2,1
1000,700,-297,2621,116,0,1,1,1,19,2,1
1115,700,-297,2621,116,0,1,1,1,20,2,1
1230,699,-298,2622,117,0,1,1,1,20,2,1
1345,700,-297,2621,116,0,1,1,1,20,2,1
1460,700,-297,2621,116,0,1,1,1,20,2,1
1575,700,-297,2621,116,0,1,1,1,19,2,1
1690,700,-297,2622,117,0,1,1,1,20,2,1
1804,700,-297,2621,116,0,1,1,1,20,2,1
1918,700,-297,2622,117,0,1,1,1,20,2,1
2032,698,-299,2621,116,0,1,1,1,20,2,1
2147,700,-297,2621,116,0,1,1,1,20,2,1
2262,700,-297,2621,116,0,1,1,1,19,2,1
2377,700,-297,2621,116,0,1,1,1,20,2,1
2492,699,-298,2620,115,0,1,1,1,20,2,1
2607,699,-298,2621,116,0,1,1,1,20,2,1
2722,700,-297,2621,116,0,1,1,1,20,2,1
2837,699,-298,2622,117,0,1,1,1,20,2,1
2952,700,-297,2622,117,0,1,1,1,20,2,1
3067,699,-298,2621,116,0,1,1,1,20,2,1
3182,700,-297,2621,116,0,1,1,1,19,2,1
3297,700,-297,2622,117,0,1,1,1,20,2,1
3412,700,-297,2621,116,0,1,1,1,20,2,1
3527,698,-299,2621,116,0,1,1,1,20,2,1
3642,700,-297,2621,116,0,1,1,1,20,2,1
3757,700,-297,2621,116,0,1,1,1,20,2,1
3872,699,-298,2621,116,0,1,1,1,20,2,1
3987,700,-297,2621,116,0,1,1,1,20,2,1
4102,700,-297,2621,116,0,1,1,1,20,2,1
4217,700,-297,2621,116,0,1,1,1,20,2,1
4332,699,-298,2621,116,0,1,1,1,20,2,1
4447,700,-297,2621,116,0,1,1,1,19,2,1
4561,700,-297,2621,116,0,1,1,1,20,2,1
4676,699,-298,2621,116,0,1,1,1,19,2,1
4791,700,-297,2621,116,0,1,1,1,20,2,1
4906,698,-299,2621,116,0,1,1,1,20,2,1
5021,700,-297,2621,116,0,1,1,1,20,2,1
96,1303,306,2626,121,0,2,1,2,21,2,2
227,1303,306,2626,121,0,2,1,2,20,2,2
357,1303,306,2626,121,0,2,1,2,21,2,2
487,1303,306,2626,121,0,2,1,2,21,2,2
617,1303,306,2626,121,0,2,1,2,21,2,2
747,1303,306,2626,121,0,2,1,2,21,2,2
876,1303,306,2625,120,0,2,1,2,21,2,2
1005,1303,306,2626,121,0,2,1,2,21,2,2
1135,1303,306,2626,121,0,2,1,2,20,2,2
1265,1303,306,2626,121,0,2,1,2,21,2,2
1396,1303,306,2625,120,0,2,1,2,20,2,2
1526,1303,306,2626,121,0,2,1,2,20,2,2
1657,1303,306,2626,121,0,2,1,2,20,2,2
1788,1304,307,2625,120,0,2,1,2,21,2,2
1917,1303,306,2626,121,0,2,1,2,21,2,2
2047,1303,306,2626,121,0,2,1,2,20,2,2
2178,1303,306,2626,121,0,2,1,2,20,2,2
2308,1303,306,2626,121,0,2,1,2,20,2,2
2438,1303,306,2626,121,0,2,1,2,20,2,2
2568,1303,306,2626,121,0,2,1,2,21,2,2
2698,1304,307,2626,121,0,2,1,2,21,2,2
2828,1303,306,2627,122,0,2,1,2,20,2,2
2958,1303,306,2626,121,0,2,1,2,20,2,2
3088,1303,306,2626,121,0,2,1,2,20,2,2
3218,1303,307,2626,121,0,2,1,2,20,2,2
3348,1304,307,2626,121,0,2,1,2,21,2,2
3479,1303,306,2626,121,0,2,1,2,21,2,2
3610,1303,306,2626,121,0,2,1,2,20,2,2
3740,1303,306,2626,121,0,2,1,2,20,2,2
3870,1303,306,2626,121,0,2,1,2,20,2,2
4000,1303,306,2626,121,0,2,1,2,21,2,2
4130,1303,306,2626,121,0,2,1,2,20,2,2
4261,1303,306,2626,121,0,2,1,2,21,2,2
4391,1303,306,2625,120,0,2,1,2,20,2,2
4521,1303,306,2625,120,0,2,1,2,20,2,2
4652,1303,306,2625,120,0,2,1,2,21,2,2
4783,1303,306,2626,121,0,2,1,2,21,2,2
4913,1303,306,2625,120,0,2,1,2,20,2,2
5043,1303,306,2626,121,0,2,1,2,20,2,2
95,1303,307,2266,-239,0,3,1,3,20,2,3
225,1304,307,2266,-239,0,3,1,3,20,2,3
356,1304,307,2266,-239,0,3,1,3,20,2,3
486,1304,307,2266,-239,0,3,1,3,20,2,3
616,1304,307,2266,-239,0,3,1,3,20,2,3
746,1304,307,2267,-238,0,3,1,3,20,2,3
876,1304,307,2266,-239,0,3,1,3,20,2,3
1006,1303,307,2266,-239,0,3,1,3,20,2,3
1136,1303,307,2266,-239,0,3,1,3,20,2,3
1265,1304,307,2266,-239,0,3,1,3,20,2,3
1395,1304,307,2266,-239,0,3,1,3,20,2,3
1525,1304,307,2266,-239,0,3,1,3,20,2,3
1656,1304,307,2267,-238,0,3,1,3,20,2,3
1787,1304,307,2266,-239,0,3,1,3,20,2,3
1917,1304,307,2267,-238,0,3,1,3,20,2,3
2047,1304,307,2267,-238,0,3,1,3,20,2,3
2178,1304,307,2267,-238,0,3,1,3,20,2,3
2309,1304,307,2266,-239,0,3,1,3,20,2,3
2440,1304,307,2266,-239,0,3,1,3,20,2,3
2571,1303,307,2266,-239,0,3,1,3,20,2,3
2702,1302,305,2266,-239,0,3,1,3,20,2,3
2832,1304,307,2266,-239,0,3,1,3,20,2,3
2963,1304,307,2267,-238,0,3,1,3,20,2,3
3094,1304,308,2266,-239,0,3,1,3,20,2,3
3225,1305,308,2265,-240,0,3,1,3,20,2,3
3355,1304,307,2266,-239,0,3,1,3,20,2,3
3485,1304,307,2268,-237,0,3,1,3,20,2,3
3616,1302,305,2266,-239,0,3,1,3,20,2,3
3747,1304,307,2267,-238,0,3,1,3,21,2,3
3877,1303,306,2267,-238,0,3,1,3,20,2,3
4008,1303,306,2267,-238,0,3,1,3,20,2,3
4139,1302,305,2267,-238,0,3,1,3,20,2,3
4269,1302,305,2267,-238,0,3,1,3,20,2,3
4399,1302,305,2267,-238,0,3,1,3,21,2,3
4529,1303,306,2266,-239,0,3,1,3,20,2,3
4659,1303,306,2267,-238,0,3,1,3,21,2,3
4789,1304,307,2267,-238,0,3,1,3,20,2,3
4920,1304,307,2267,-238,0,3,1,3,20,2,3
5051,1304,307,2267,-238,0,3,1,3,20,2,3
96,1303,306,2758,253,0,4,1,4,20,2,4
226,1303,306,2758,253,0,4,1,4,20,2,4
356,1303,306,2758,253,0,4,1,4,21,2,4
486,1303,306,2759,254,0,4,1,4,20,2,4
617,1303,306,2759,254,0,4,1,4,20,2,4
747,1304,307,2758,253,0,4,1,4,20,2,4
877,1304,308,2758,253,0,4,1,4,20,2,4
1007,1304,307,2758,253,0,4,1,4,20,2,4
1137,1304,307,2758,253,0,4,1,4,21,2,4
1267,1304,307,2758,253,0,4,1,4,21,2,4
1398,1303,306,2758,253,0,4,1,4,20,2,4
1528,1304,307,2758,253,0,4,1,4,20,2,4
1659,1304,307,2758,253,0,4,1,4,21,2,4
1790,1304,307,2758,253,0,4,1,4,21,2,4
1920,1304,307,2758,253,0,4,1,4,20,2,4
2050,1305,309,2758,253,0,4,1,4,20,2,4
2181,1304,308,2758,253,0,4,1,4,20,2,4
2311,1306,309,2758,253,0,4,1,4,20,2,4
2442,1304,308,2759,254,0,4,1,4,20,2,4
2572,1305,309,2758,253,0,4,1,4,20,2,4
2702,1305,308,2758,253,0,4,1,4,20,2,4
2832,1305,308,2758,253,0,4,1,4,20,2,4
2962,1305,308,2759,254,0,4,1,4,21,2,4
3092,1304,307,2758,253,0,4,1,4,20,2,4
3222,1304,307,2758,253,0,4,1,4,20,2,4
3352,1304,307,2758,253,0,4,1,4,20,2,4
3481,1304,307,2759,254,0,4,1,4,21,2,4
3611,1304,307,2759,254,0,4,1,4,20,2,4
3741,1304,307,2758,253,0,4,1,4,20,2,4
3871,1304,307,2758,253,0,4,1,4,20,2,4
4001,1304,307,2758,253,0,4,1,4,20,2,4
4131,1304,307,2758,253,0,4,1,4,20,2,4
4261,1304,307,2758,253,0,4,1,4,21,2,4
4391,1303,307,2758,253,0,4,1,4,20,2,4
4521,1304,307,2759,254,0,4,1,4,20,2,4
4651,1304,307,2759,254,0,4,1,4,20,2,4
4781,1305,308,2758,253,0,4,1,4,21,2,4
4911,1304,307,2758,253,0,4,1,4,20,2,4
5042,1305,308,2758,253,0,4,1,4,20,2,4
90,999,3,2623,118,0,0,1,0,20,3,0
215,999,3,2623,118,0,0,1,0,21,3,0
340,999,3,2623,118,0,0,1,0,20,3,0
465,1003,6,2624,119,0,0,1,0,21,3,0
590,999,3,2624,119,0,0,1,0,21,3,0
715,1000,3,2624,119,0,0,1,0,21,3,0
840,1000,3,2623,118,0,0,1,0,21,3,0
965,1003,6,2623,118,0,0,1,0,20,3,0
1090,1003,6,2624,119,0,0,1,0,20,3,0
1214,1000,3,2623,118,0,0,1,0,20,3,0
1339,1000,3,2624,119,0,0,1,0,20,3,0
1464,1000,3,2624,119,0,0,1,0,20,3,0
1588,1003,7,2624,119,0,0,1,0,20,3,0
1713,1003,6,2623,118,0,0,1,0,21,3,0
1838,1000,3,2624,119,0,0,1,0,21,3,0
1963,1004,7,2624,119,0,0,1,0,20,3,0
2087,1003,6,2624,119,0,0,1,0,21,3,0
2212,1003,6,2624,119,0,0,1,0,21,3,0
2337,1003,6,2623,118,0,0,1,0,20,3,0
2462,1003,6,2624,119,0,0,1,0,21,3,0
2587,1003,6,2624,119,0,0,1,0,21,3,0
2712,1003,6,2623,118,0,0,1,0,21,3,0
2837,1003,6,2623,118,0,0,1,0,20,3,0
2961,1003,6,2624,119,0,0,1,0,21,3,0
3086,1003,6,2623,118,0,0,1,0,20,3,0
3210,1003,6,2624,119,0,0,1,0,21,3,0
3335,1003,6,2624,119,0,0,1,0,21,3,0
3460,1003,6,2623,118,0,0,1,0,21,3,0
3585,1000,3,2624,119,0,0,1,0,20,3,0
3710,1003,6,2623,118,0,0,1,0,20,3,0
3835,1003,6,2623,118,0,0,1,0,21,3,0
3960,1003,6,2624,119,0,0,1,0,21,3,0
4084,1003,6,2623,118,0,0,1,0,20,3,0
4208,1003,6,2624,119,0,0,1,0,21,3,0
4333,1003,6,2623,118,0,0,1,0,20,3,0
4457,1003,6,2623,118,0,0,1,0,20,3,0
4582,1004,7,2624,119,0,0,1,0,21,3,0
4707,1003,6,2623,118,0,0,1,0,21,3,0
4831,1004,7,2623,118,0,0,1,0,20,3,0
4955,1003,6,2623,118,0,0,1,0,20,3,0
5080,1003,6,2624,119,0,0,1,0,20,3,0
80,697,-300,2620,115,0,1,1,1,19,3,1
195,696,-300,2619,114,0,1,1,1,20,3,1
310,697,-299,2619,114,0,1,1,1,20,3,1
425,697,-299,2619,114,0,1,1,1,20,3,1
540,698,-299,2619,114,0,1,1,1,20,3,1
655,698,-299,2619,114,0,1,1,1,19,3,1
770,698,-299,2619,114,0,1,1,1,19,3,1
885,697,-299,2619,114,0,1,1,1,19,3,1
1000,696,-300,2619,114,0,1,1,1,37,3,1
1115,696,-300,2619,114,0,1,1,1,20,3,1
1230,696,-300,2619,114,0,1,1,1,20,3,1
1345,696,-300,2619,114,0,1,1,1,37,3,1
1459,697,-299,2620,115,0,1,1,1,20,3,1
1574,696,-300,2620,115,0,1,1,1,38,3,1
1689,697,-299,2619,114,0,1,1,1,20,3,1
1804,697,-300,2619,114,0,1,1,1,38,3,1
1919,698,-299,2619,114,0,1,1,1,37,3,1
2034,701,-296,2619,114,0,1,1,1,19,3,1
2149,697,-300,2619,114,0,1,1,1,37,3,1
2265,697,-299,2619,114,0,1,1,1,37,3,1
2380,697,-300,2619,114,0,1,1,1,19,3,1
2495,696,-300,2619,114,0,1,1,1,37,3,1
2610,696,-300,2619,114,0,1,1,1,20,3,1
2725,696,-300,2620,115,0,1,1,1,20,3,1
2840,696,-300,2619,114,0,1,1,1,20,3,1
2955,696,-300,2620,115,0,1,1,1,20,3,1
3070,696,-301,2619,114,0,1,1,1,20,3,1
3185,696,-300,2620,115,0,1,1,1,19,3,1
3300,696,-300,2619,114,0,1,1,1,20,3,1
3415,696,-300,2619,114,0,1,1,1,20,3,1
3530,696,-300,2620,115,0,1,1,1,20,3,1
3645,696,-300,2620,115,0,1,1,1,20,3,1
3760,697,-299,2619,114,0,1,1,1,20,3,1
3875,696,-300,2620,115,0,1,1,1,20,3,1
3990,696,-300,2619,114,0,1,1,1,19,3,1
4105,696,-300,2619,114,0,1,1,1,20,3,1
4220,696,-300,2619,114,0,1,1,1,19,3,1
4334,696,-300,2619,114,0,1,1,1,20,3,1
4448,696,-301,2619,114,0,1,1,1,20,3,1
4563,696,-300,2619,114,0,1,1,1,20,3,1
4677,696,-300,2619,114,0,1,1,1,20,3,1
4792,696,-300,2618,113,0,1,1,1,20,3,1
4907,696,-300,2620,115,0,1,1,1,20,3,1
5022,696,-300,2621,116,0,1,1,1,20,3,1
96,1302,305,2625,120,0,2,1,2,21,3,2
226,1302,305,2625,120,0,2,1,2,21,3,2
356,1301,304,2626,121,0,2,1,2,21,3,2
486,1302,305,2625,120,0,2,1,2,20,3,2
617,1301,304,2625,120,0,2,1,2,21,3,2
746,1302,305,2625,120,0,2,1,2,21,3,2
876,1302,305,2625,120,0,2,1,2,21,3,2
1006,1302,305,2625,120,0,2,1,2,21,3,2
1136,1302,305,2625,120,0,2,1,2,20,3,2
1266,1301,304,2625,120,0,2,1,2,20,3,2
1396,1300,303,2625,120,0,2,1,2,21,3,2
1527,1302,305,2625,120,0,2,1,2,20,3,2
1657,1301,304,2625,120,0,2,1,2,20,3,2
1787,1302,305,2625,120,0,2,1,2,21,3,2
1917,1302,305,2625,120,0,2,1,2,21,3,2
2047,1300,303,2625,120,0,2,1,2,20,3,2
2177,1301,304,2625,120,0,2,1,2,21,3,2
2307,1300,303,2625,120,0,2,1,2,21,3,2
2437,1301,304,2625,120,0,2,1,2,20,3,2
2568,1301,304,2625,120,0,2,1,2,20,3,2
2699,1301,304,2625,120,0,2,1,2,20,3,2
2830,1300,303,2624,119,0,2,1,2,21,3,2
2960,1300,303,2625,120,0,2,1,2,21,3,2
3090,1300,303,2625,120,0,2,1,2,20,3,2
3220,1302,305,2625,120,0,2,1,2,21,3,2
3350,1300,304,2624,119,0,2,1,2,21,3,2
3480,1301,304,2625,120,0,2,1,2,21,3,2
3610,1301,304,2625,120,0,2,1,2,38,3,2
3740,1300,303,2625,120,0,2,1,2,38,3,2
3870,1301,304,2625,120,0,2,1,2,38,3,2
4000,1300,303,2625,120,0,2,1,2,38,3,2
4130,1300,303,2624,119,0,2,1,2,38,3,2
4260,1301,304,2625,120,0,2,1,2,38,3,2
4390,1300,303,2624,119,0,2,1,2,38,3,2
4520,1300,303,2624,119,0,2,1,2,21,3,2
4650,1301,304,2624,119,0,2,1,2,21,3,2
4780,1302,305,2624,119,0,2,1,2,21,3,2
4910,1300,303,2625,120,0,2,1,2,21,3,2
5040,1302,305,2625,120,0,2,1,2,21,3,2
95,1299,303,2264,-241,0,3,1,3,20,3,3
225,1301,304,2265,-240,0,3,1,3,20,3,3
356,1301,304,2264,-241,0,3,1,3,20,3,3
487,1301,304,2264,-241,0,3,1,3,20,3,3
618,1300,304,2264,-241,0,3,1,3,20,3,3
748,1299,303,2265,-240,0,3,1,3,20,3,3
878,1301,304,2264,-241,0,3,1,3,20,3,3
1008,1301,304,2264,-241,0,3,1,3,20,3,3
1138,1300,304,2265,-240,0,3,1,3,20,3,3
1269,1301,304,2265,-240,0,3,1,3,20,3,3
1400,1301,304,2265,-240,0,3,1,3,20,3,3
1531,1301,304,2264,-241,0,3,1,3,20,3,3
1662,1300,304,2265,-240,0,3,1,3,20,3,3
1793,1300,304,2265,-240,0,3,1,3,20,3,3
1923,1301,304,2265,-240,0,3,1,3,20,3,3
2054,1301,304,2265,-240,0,3,1,3,20,3,3
2185,1300,304,2265,-240,0,3,1,3,20,3,3
2316,1300,303,2265,-240,0,3,1,3,20,3,3
2446,1300,304,2265,-240,0,3,1,3,20,3,3
2577,1301,304,2264,-241,0,3,1,3,20,3,3
2707,1301,304,2265,-240,0,3,1,3,20,3,3
2838,1300,303,2265,-240,0,3,1,3,20,3,3
2969,1301,304,2265,-240,0,3,1,3,20,3,3
3099,1301,304,2265,-240,0,3,1,3,20,3,3
3230,1301,304,2265,-240,0,3,1,3,20,3,3
3361,1300,304,2265,-240,0,3,1,3,20,3,3
3492,1300,303,2266,-239,0,3,1,3,20,3,3
3622,1302,305,2265,-240,0,3,1,3,20,3,3
3752,1301,304,2265,-240,0,3,1,3,21,3,3
3883,1301,304,2265,-240,0,3,1,3,20,3,3
4013,1301,304,2265,-240,0,3,1,3,20,3,3
4144,1301,304,2266,-239,0,3,1,3,21,3,3
4275,1301,305,2265,-240,0,3,1,3,20,3,3
4406,1302,305,2266,-239,0,3,1,3,20,3,3
4537,1301,304,2265,-240,0,3,1,3,20,3,3
4668,1302,305,2266,-239,0,3,1,3,20,3,3
4799,1301,304,2266,-239,0,3,1,3,20,3,3
4929,1301,304,2266,-239,0,3,1,3,20,3,3
5059,1301,304,2266,-239,0,3,1,3,20,3,3
95,1302,305,2757,252,0,4,1,4,20,3,4
225,1303,306,2756,251,0,4,1,4,20,3,4
355,1302,305,2757,252,0,4,1,4,20,3,4
485,1303,306,2756,251,0,4,1,4,21,3,4
615,1303,306,2756,251,0,4,1,4,21,3,4
745,1302,305,2756,251,0,4,1,4,20,3,4
875,1302,305,2756,251,0,4,1,4,21,3,4
1005,1302,305,2756,251,0,4,1,4,20,3,4
1135,1302,305,2756,251,0,4,1,4,20,3,4
1265,1301,304,2756,251,0,4,1,4,20,3,4
1395,1301,304,2756,251,0,4,1,4,20,3,4
1525,1301,304,2756,251,0,4,1,4,20,3,4
1655,1302,305,2756,251,0,4,1,4,21,3,4
1785,1302,305,2756,251,0,4,1,4,20,3,4
1916,1303,306,2756,251,0,4,1,4,21,3,4
2046,1303,306,2756,251,0,4,1,4,20,3,4
2176,1302,305,2756,251,0,4,1,4,20,3,4
2306,1304,307,2756,251,0,4,1,4,20,3,4
2436,1303,306,2756,251,0,4,1,4,20,3,4
2566,1303,306,2756,251,0,4,1,4,20,3,4
2696,1302,305,2756,251,0,4,1,4,20,3,4
2826,1302,305,2756,251,0,4,1,4,21,3,4
2956,1302,305,2757,252,0,4,1,4,20,3,4
3086,1303,306,2756,251,0,4,1,4,20,3,4
3216,1302,305,2756,251,0,4,1,4,20,3,4
3347,1302,305,2756,251,0,4,1,4,21,3,4
3478,1302,305,2756,251,0,4,1,4,20,3,4
3608,1301,304,2756,251,0,4,1,4,20,3,4
3738,1302,305,2756,251,0,4,1,4,21,3,4
3868,1302,305,2755,250,0,4,1,4,21,3,4
3999,1303,306,2755,250,0,4,1,4,21,3,4
4130,1302,305,2755,250,0,4,1,4,20,3,4
4260,1303,306,2756,251,0,4,1,4,20,3,4
4390,1301,304,2755,250,0,4,1,4,20,3,4
4521,1301,304,2755,250,0,4,1,4,21,3,4
4651,1301,304,2755,250,0,4,1,4,20,3,4
4781,1302,305,2755,250,0,4,1,4,20,3,4
4911,1301,304,2756,251,0,4,1,4,21,3,4
5041,1300,303,2755,250,0,4,1,4,20,3,4
90,999,2,2621,116,0,0,1,0,20,4,0
214,999,2,2621,116,0,0,1,0,20,4,0
338,999,2,2621,116,0,0,1,0,38,4,0
463,1000,3,2621,116,0,0,1,0,38,4,0
588,1000,3,2621,116,0,0,1,0,38,4,0
713,998,1,2621,116,0,0,1,0,20,4,0
838,998,1,2621,116,0,0,1,0,21,4,0
962,1000,3,2621,116,0,0,1,0,20,4,0
1086,998,1,2621,116,0,0,1,0,20,4,0
1211,999,2,2621,116,0,0,1,0,20,4,0
1335,998,2,2621,116,0,0,1,0,21,4,0
1458,999,2,2620,115,0,0,1,0,20,4,0
1582,998,2,2621,116,0,0,1,0,20,4,0
1706,998,2,2621,116,0,0,1,0,21,4,0
1830,999,2,2621,116,0,0,1,0,20,4,0
1955,998,1,2621,116,0,0,1,0,20,4,0
2080,998,1,2621,116,0,0,1,0,21,4,0
2204,998,2,2621,116,0,0,1,0,21,4,0
2329,998,2,2621,116,0,0,1,0,20,4,0
2453,998,2,2621,116,0,0,1,0,21,4,0
2578,998,1,2621,116,0,0,1,0,20,4,0
2702,998,2,2621,116,0,0,1,0,20,4,0
2827,997,1,2621,116,0,0,1,0,21,4,0
2952,998,2,2621,116,0,0,1,0,20,4,0
3077,998,2,2621,116,0,0,1,0,21,4,0
3202,998,1,2621,116,0,0,1,0,20,4,0
3327,998,2,2621,116,0,0,1,0,21,4,0
3452,998,2,2621,116,0,0,1,0,21,4,0
3577,998,2,2621,116,0,0,1,0,20,4,0
3702,998,2,2621,116,0,0,1,0,20,4,0
3826,998,2,2621,116,0,0,1,0,21,4,0
3951,999,2,2620,115,0,0,1,0,21,4,0
4075,997,0,2620,115,0,0,1,0,20,4,0
4200,998,1,2620,115,0,0,1,0,21,4,0
4324,998,2,2620,115,0,0,1,0,21,4,0
4448,998,2,2621,116,0,0,1,0,21,4,0
4573,999,2,2620,115,0,0,1,0,21,4,0
4697,998,1,2620,115,0,0,1,0,20,4,0
4822,998,2,2620,115,0,0,1,0,21,4,0
4946,999,2,2620,115,0,0,1,0,20,4,0
5070,998,2,2621,116,0,0,1,0,21,4,0
81,703,-294,2617,112,0,1,1,1,20,4,1
196,702,-294,2618,113,0,1,1,1,20,4,1
312,703,-293,2617,112,0,1,1,1,20,4,1
427,703,-293,2617,112,0,1,1,1,20,4,1
542,703,-293,2617,112,0,1,1,1,19,4,1
657,703,-294,2617,112,0,1,1,1,20,4,1
772,702,-294,2617,112,0,1,1,1,19,4,1
887,703,-294,2617,112,0,1,1,1,20,4,1
1002,703,-293,2617,112,0,1,1,1,20,4,1
1117,703,-293,2617,112,0,1,1,1,20,4,1
1232,704,-293,2617,112,0,1,1,1,19,4,1
1347,704,-293,2617,112,0,1,1,1,20,4,1
1462,703,-293,2617,112,0,1,1,1,20,4,1
1577,704,-292,2617,112,0,1,1,1,20,4,1
1692,704,-293,2617,112,0,1,1,1,20,4,1
1807,704,-293,2617,112,0,1,1,1,20,4,1
1922,702,-294,2617,112,0,1,1,1,20,4,1
2037,703,-293,2617,112,0,1,1,1,20,4,1
2152,703,-293,2617,112,0,1,1,1,20,4,1
2267,703,-293,2617,112,0,1,1,1,20,4,1
2382,703,-294,2617,112,0,1,1,1,20,4,1
2497,703,-294,2617,112,0,1,1,1,20,4,1
2612,703,-293,2617,112,0,1,1,1,19,4,1
2727,703,-294,2617,112,0,1,1,1,19,4,1
2842,702,-295,2618,113,0,1,1,1,20,4,1
2957,705,-292,2618,113,0,1,1,1,20,4,1
3072,702,-294,2617,112,0,1,1,1,20,4,1
3187,702,-294,2617,112,0,1,1,1,20,4,1
3302,703,-294,2617,112,0,1,1,1,20,4,1
3417,703,-293,2617,112,0,1,1,1,20,4,1
3532,703,-293,2617,112,0,1,1,1,20,4,1
3647,703,-293,2617,112,0,1,1,1,20,4,1
3762,703,-293,2617,112,0,1,1,1,19,4,1
3878,703,-293,2617,112,0,1,1,1,20,4,1
3994,703,-293,2617,112,0,1,1,1,20,4,1
4109,703,-293,2617,112,0,1,1,1,20,4,1
4224,703,-293,2617,112,0,1,1,1,20,4,1
4339,702,-294,2617,112,0,1,1,1,20,4,1
4454,703,-293,2617,112,0,1,1,1,20,4,1
4569,703,-293,2617,112,0,1,1,1,20,4,1
4684,704,-293,2618,113,0,1,1,1,20,4,1
4799,703,-294,2617,112,0,1,1,1,20,4,1
4914,703,-294,2617,112,0,1,1,1,20,4,1
5030,703,-293,2617,112,0,1,1,1,19,4,1
95,1299,303,2623,118,0,2,1,2,20,4,2
226,1299,303,2622,117,0,2,1,2,21,4,2
356,1299,302,2622,117,0,2,1,2,21,4,2
487,1298,302,2622,117,0,2,1,2,21,4,2
617,1299,303,2623,118,0,2,1,2,21,4,2
748,1299,303,2623,118,0,2,1,2,21,4,2
878,1299,302,2623,118,0,2,1,2,20,4,2
1008,1298,302,2622,117,0,2,1,2,20,4,2
1138,1298,301,2623,118,0,2,1,2,20,4,2
1268,1298,302,2623,118,0,2,1,2,21,4,2
1398,1299,303,2623,118,0,2,1,2,21,4,2
1528,1299,303,2622,117,0,2,1,2,21,4,2
1658,1298,301,2623,118,0,2,1,2,21,4,2
1788,1299,303,2622,117,0,2,1,2,20,4,2
1918,1299,303,2623,118,0,2,1,2,21,4,2
2048,1300,304,2623,118,0,2,1,2,20,4,2
2179,1299,302,2623,118,0,2,1,2,21,4,2
2309,1299,303,2623,118,0,2,1,2,21,4,2
2439,1299,303,2623,118,0,2,1,2,20,4,2
2570,1299,303,2623,118,0,2,1,2,20,4,2
2700,1298,301,2623,118,0,2,1,2,20,4,2
2830,1299,303,2623,118,0,2,1,2,20,4,2
2960,1299,303,2623,118,0,2,1,2,21,4,2
3090,1298,301,2623,118,0,2,1,2,20,4,2
3221,1300,303,2622,117,0,2,1,2,21,4,2
3351,1299,303,2623,118,0,2,1,2,20,4,2
3481,1299,302,2623,118,0,2,1,2,20,4,2
3611,1299,303,2622,117,0,2,1,2,20,4,2
3741,1299,303,2623,118,0,2,1,2,21,4,2
3871,1299,303,2623,118,0,2,1,2,21,4,2
4001,1298,301,2622,117,0,2,1,2,21,4,2
4131,1299,302,2623,118,0,2,1,2,21,4,2
4261,1298,302,2622,117,0,2,1,2,20,4,2
4391,1300,303,2623,118,0,2,1,2,21,4,2
4521,1299,302,2623,118,0,2,1,2,20,4,2
4651,1299,303,2623,118,0,2,1,2,20,4,2
4781,1299,303,2623,118,0,2,1,2,21,4,2
4911,1299,303,2623,118,0,2,1,2,21,4,2
5041,1300,303,2622,117,0,2,1,2,20,4,2
96,1299,302,2262,-243,0,3,1,3,20,4,3
226,1300,303,2263,-242,0,3,1,3,20,4,3
357,1300,303,2262,-243,0,3,1,3,20,4,3
488,1302,305,2263,-242,0,3,1,3,20,4,3
619,1302,305,2263,-242,0,3,1,3,20,4,3
750,1302,305,2263,-242,0,3,1,3,20,4,3
880,1301,304,2263,-242,0,3,1,3,20,4,3
1010,1300,303,2262,-243,0,3,1,3,20,4,3
1140,1300,303,2263,-242,0,3,1,3,21,4,3
1270,1301,304,2263,-242,0,3,1,3,20,4,3
1400,1301,304,2263,-242,0,3,1,3,20,4,3
1531,1300,303,2262,-243,0,3,1,3,20,4,3
1662,1299,302,2263,-242,0,3,1,3,20,4,3
1792,1299,302,2263,-242,0,3,1,3,20,4,3
1922,1298,302,2263,-242,0,3,1,3,20,4,3
2052,1299,303,2263,-242,0,3,1,3,20,4,3
2182,1300,303,2263,-242,0,3,1,3,20,4,3
2312,1299,302,2263,-242,0,3,1,3,20,4,3
2442,1301,304,2263,-242,0,3,1,3,20,4,3
2572,1300,303,2262,-243,0,3,1,3,20,4,3
2702,1300,303,2263,-242,0,3,1,3,20,4,3
2832,1300,303,2263,-242,0,3,1,3,20,4,3
2962,1300,303,2263,-242,0,3,1,3,37,4,3
3093,1299,303,2263,-242,0,3,1,3,20,4,3
3223,1300,303,2263,-242,0,3,1,3,20,4,3
3353,1300,303,2263,-242,0,3,1,3,20,4,3
3483,1299,303,2263,-242,0,3,1,3,20,4,3
3613,1298,301,2263,-242,0,3,1,3,38,4,3
3743,1299,302,2262,-243,0,3,1,3,37,4,3
3873,1298,302,2263,-242,0,3,1,3,37,4,3
4003,1298,301,2263,-242,0,3,1,3,38,4,3
4134,1299,302,2263,-242,0,3,1,3,38,4,3
4264,1300,303,2263,-242,0,3,1,3,20,4,3
4394,1299,302,2263,-242,0,3,1,3,20,4,3
4525,1299,303,2263,-242,0,3,1,3,20,4,3
4655,1301,304,2263,-242,0,3,1,3,20,4,3
4786,1300,303,2263,-242,0,3,1,3,20,4,3
4917,1300,303,2263,-242,0,3,1,3,20,4,3
5047,1300,303,2263,-242,0,3,1,3,20,4,3
95,1300,304,2861,356,0,4,1,4,20,4,4
225,1300,303,2862,357,0,4,1,4,20,4,4
355,1301,304,2861,356,0,4,1,4,20,4,4
485,1300,304,2861,356,0,4,1,4,20,4,4
615,1299,303,2861,356,0,4,1,4,21,4,4
745,1299,303,2861,356,0,4,1,4,20,4,4
875,1299,303,2861,356,0,4,1,4,20,4,4
1005,1300,303,2861,356,0,4,1,4,20,4,4
1136,1299,303,2861,356,0,4,1,4,21,4,4
1266,1299,303,2860,355,0,4,1,4,20,4,4
1396,1300,304,2860,355,0,4,1,4,20,4,4
1526,1299,303,2860,355,0,4,1,4,20,4,4
1657,1300,304,2861,356,0,4,1,4,20,4,4
1787,1300,303,2861,356,0,4,1,4,20,4,4
1917,1301,304,2861,356,0,4,1,4,21,4,4
2047,1300,304,2861,356,0,4,1,4,20,4,4
2177,1299,303,2861,356,0,4,1,4,20,4,4
2307,1300,304,2860,355,0,4,1,4,21,4,4
2437,1301,304,2860,355,0,4,1,4,20,4,4
2567,1299,303,2860,355,0,4,1,4,20,4,4
2698,1300,303,2860,355,0,4,1,4,21,4,4
2828,1300,303,2860,355,0,4,1,4,20,4,4
2958,1299,303,2860,355,0,4,1,4,20,4,4
3088,1300,303,2860,355,0,4,1,4,20,4,4
3218,1299,303,2861,356,0,4,1,4,21,4,4
3348,1300,303,2860,355,0,4,1,4,20,4,4
3478,1299,303,2861,356,0,4,1,4,20,4,4
3608,1300,304,2861,356,0,4,1,4,20,4,4
3738,1299,303,2860,355,0,4,1,4,21,4,4
3868,1299,303,2860,355,0,4,1,4,20,4,4
3998,1299,302,2860,355,0,4,1,4,20,4,4
4128,1299,302,2860,355,0,4,1,4,20,4,4
4258,1299,303,2861,356,0,4,1,4,20,4,4
4388,1299,303,2860,355,0,4,1,4,21,4,4
4518,1299,303,2860,355,0,4,1,4,21,4,4
4648,1299,303,2860,355,0,4,1,4,21,4,4
4778,1300,303,2860,355,0,4,1,4,21,4,4
4908,1300,303,2860,355,0,4,1,4,20,4,4
5038,1300,304,2860,355,0,4,1,4,20,4,4
90,996,-1,2620,115,0,0,1,0,20,5,0
214,995,-1,2620,115,0,0,1,0,21,5,0
338,996,-1,2620,115,0,0,1,0,21,5,0
461,996,-1,2619,114,0,0,1,0,20,5,0
585,995,-2,2619,114,0,0,1,0,21,5,0
710,995,-1,2619,114,0,0,1,0,21,5,0
834,995,-1,2620,115,0,0,1,0,20,5,0
958,995,-2,2620,115,0,0,1,0,21,5,0
1083,995,-1,2620,115,0,0,1,0,21,5,0
1208,996,-1,2620,115,0,0,1,0,20,5,0
1332,997,0,2619,114,0,0,1,0,21,5,0
1457,996,-1,2620,115,0,0,1,0,20,5,0
1582,996,-1,2620,115,0,0,1,0,20,5,0
1707,996,-1,2620,115,0,0,1,0,21,5,0
1831,996,-1,2619,114,0,0,1,0,20,5,0
1956,996,-1,2620,115,0,0,1,0,20,5,0
2081,996,-1,2619,114,0,0,1,0,21,5,0
2206,996,-1,2620,115,0,0,1,0,21,5,0
2331,996,-1,2620,115,0,0,1,0,21,5,0
2456,995,-2,2619,114,0,0,1,0,21,5,0
2581,996,-1,2620,115,0,0,1,0,20,5,0
2705,996,-1,2620,115,0,0,1,0,20,5,0
2830,996,-1,2620,115,0,0,1,0,20,5,0
2954,995,-2,2620,115,0,0,1,0,20,5,0
3079,996,-1,2620,115,0,0,1,0,21,5,0
3203,996,-1,2620,115,0,0,1,0,21,5,0
3328,997,0,2619,114,0,0,1,0,21,5,0
3453,996,-1,2620,115,0,0,1,0,20,5,0
3578,996,-1,2620,115,0,0,1,0,20,5,0
3703,996,-1,2619,114,0,0,1,0,21,5,0
3828,997,0,2620,115,0,0,1,0,21,5,0
3953,996,-1,2620,115,0,0,1,0,21,5,0
4078,996,-1,2620,115,0,0,1,0,21,5,0
4203,996,-1,2620,115,0,0,1,0,21,5,0
4328,996,-1,2620,115,0,0,1,0,20,5,0
4453,996,-1,2619,114,0,0,1,0,21,5,0
4578,996,-1,2619,114,0,0,1,0,20,5,0
4703,996,-1,2619,114,0,0,1,0,20,5,0
4828,996,-1,2619,114,0,0,1,0,21,5,0
4952,996,-1,2620,115,0,0,1,0,21,5,0
5077,996,-1,2620,115,0,0,1,0,20,5,0
80,702,-295,2616,111,0,1,1,1,20,5,1
195,702,-295,2616,111,0,1,1,1,20,5,1
310,702,-295,2616,111,0,1,1,1,20,5,1
425,702,-295,2616,111,0,1,1,1,20,5,1
540,702,-295,2616,111,0,1,1,1,20,5,1
655,702,-295,2616,111,0,1,1,1,20,5,1
771,702,-295,2616,111,0,1,1,1,19,5,1
886,702,-295,2616,111,0,1,1,1,20,5,1
1001,702,-294,2616,111,0,1,1,1,20,5,1
1116,702,-295,2616,111,0,1,1,1,20,5,1
1231,702,-295,2616,111,0,1,1,1,20,5,1
1346,702,-295,2617,112,0,1,1,1,20,5,1
1461,701,-295,2616,111,0,1,1,1,20,5,1
1576,702,-295,2616,111,0,1,1,1,20,5,1
1691,702,-295,2616,111,0,1,1,1,20,5,1
1806,702,-294,2616,111,0,1,1,1,19,5,1
1921,702,-295,2617,112,0,1,1,1,19,5,1
2036,702,-295,2616,111,0,1,1,1,20,5,1
2151,701,-295,2616,111,0,1,1,1,20,5,1
2266,702,-295,2616,111,0,1,1,1,20,5,1
2381,702,-295,2616,111,0,1,1,1,19,5,1
2496,702,-295,2616,111,0,1,1,1,20,5,1
2611,702,-295,2616,111,0,1,1,1,20,5,1
2726,701,-295,2616,111,0,1,1,1,20,5,1
2841,702,-295,2616,111,0,1,1,1,20,5,1
2956,701,-295,2616,111,0,1,1,1,20,5,1
3071,702,-295,2616,111,0,1,1,1,19,5,1
3186,702,-295,2616,111,0,1,1,1,20,5,1
3301,702,-295,2616,111,0,1,1,1,20,5,1
3416,701,-295,2616,111,0,1,1,1,20,5,1
3531,702,-295,2616,111,0,1,1,1,20,5,1
3646,702,-295,2616,111,0,1,1,1,20,5,1
3761,702,-295,2616,111,0,1,1,1,19,5,1
3876,702,-295,2616,111,0,1,1,1,20,5,1
3991,702,-295,2616,111,0,1,1,1,20,5,1
4106,702,-295,2616,111,0,1,1,1,20,5,1
4221,702,-295,2616,111,0,1,1,1,20,5,1
4336,702,-294,2615,110,0,1,1,1,20,5,1
4451,702,-295,2616,111,0,1,1,1,20,5,1
4566,702,-295,2616,111,0,1,1,1,20,5,1
4682,702,-295,2616,111,0,1,1,1,20,5,1
4797,702,-295,2616,111,0,1,1,1,20,5,1
4912,702,-295,2616,111,0,1,1,1,20,5,1
5027,702,-294,2616,111,0,1,1,1,20,5,1
96,1300,303,2621,116,0,2,1,2,20,5,2
226,1301,304,2621,116,0,2,1,2,20,5,2
356,1300,303,2621,116,0,2,1,2,20,5,2
487,1302,305,2621,116,0,2,1,2,20,5,2
617,1302,305,2621,116,0,2,1,2,20,5,2
747,1302,305,2621,116,0,2,1,2,21,5,2
878,1302,305,2621,116,0,2,1,2,21,5,2
1007,1300,303,2622,117,0,2,1,2,21,5,2
1137,1302,305,2621,116,0,2,1,2,20,5,2
1266,1300,304,2621,116,0,2,1,2,20,5,2
1395,1300,303,2621,116,0,2,1,2,21,5,2
1525,1301,304,2621,116,0,2,1,2,21,5,2
1655,1302,305,2621,116,0,2,1,2,21,5,2
1785,1302,305,2621,116,0,2,1,2,21,5,2
1915,1301,304,2621,116,0,2,1,2,20,5,2
2045,1300,303,2621,116,0,2,1,2,20,5,2
2175,1301,304,2621,116,0,2,1,2,20,5,2
2305,1302,305,2621,116,0,2,1,2,20,5,2
2435,1301,304,2622,117,0,2,1,2,21,5,2
2565,1300,303,2621,116,0,2,1,2,21,5,2
2695,1299,303,2621,116,0,2,1,2,21,5,2
2825,1300,303,2621,116,0,2,1,2,20,5,2
2955,1300,303,2621,116,0,2,1,2,20,5,2
3085,1302,305,2621,116,0,2,1,2,20,5,2
3215,1302,305,2621,116,0,2,1,2,21,5,2
3345,1301,304,2621,116,0,2,1,2,21,5,2
3475,1300,303,2621,116,0,2,1,2,20,5,2
3605,1301,304,2621,116,0,2,1,2,21,5,2
3734,1302,305,2621,116,0,2,1,2,20,5,2
3864,1300,303,2622,117,0,2,1,2,20,5,2
3994,1300,303,2622,117,0,2,1,2,20,5,2
4124,1302,305,2621,116,0,2,1,2,20,5,2
4254,1302,305,2621,116,0,2,1,2,21,5,2
4383,1303,306,2622,117,0,2,1,2,20,5,2
4512,1302,305,2621,116,0,2,1,2,21,5,2
4641,1302,305,2621,116,0,2,1,2,21,5,2
4770,1300,303,2621,116,0,2,1,2,21,5,2
4899,1300,303,2620,115,0,2,1,2,20,5,2
5029,1300,303,2621,116,0,2,1,2,20,5,2
95,1301,304,2260,-245,0,3,1,3,20,5,3
226,1300,303,2260,-245,0,3,1,3,20,5,3
356,1299,302,2260,-245,0,3,1,3,20,5,3
486,1299,303,2260,-245,0,3,1,3,20,5,3
617,1299,302,2260,-245,0,3,1,3,20,5,3
748,1301,304,2260,-245,0,3,1,3,20,5,3
879,1300,303,2260,-245,0,3,1,3,20,5,3
1009,1299,303,2261,-244,0,3,1,3,20,5,3
1139,1299,303,2261,-244,0,3,1,3,20,5,3
1270,1300,303,2260,-245,0,3,1,3,20,5,3
1401,1299,303,2261,-244,0,3,1,3,20,5,3
1532,1299,303,2261,-244,0,3,1,3,21,5,3
1663,1300,303,2260,-245,0,3,1,3,20,5,3
1793,1299,303,2261,-244,0,3,1,3,20,5,3
1923,1299,303,2261,-244,0,3,1,3,20,5,3
2053,1299,303,2261,-244,0,3,1,3,20,5,3
2183,1299,303,2261,-244,0,3,1,3,20,5,3
2313,1299,303,2261,-244,0,3,1,3,20,5,3
2443,1299,303,2261,-244,0,3,1,3,20,5,3
2573,1299,303,2260,-245,0,3,1,3,21,5,3
2704,1299,303,2261,-244,0,3,1,3,20,5,3
2835,1299,303,2262,-243,0,3,1,3,20,5,3
2964,1299,303,2261,-244,0,3,1,3,20,5,3
3094,1299,303,2262,-243,0,3,1,3,20,5,3
3224,1299,303,2261,-244,0,3,1,3,20,5,3
3354,1300,303,2262,-243,0,3,1,3,20,5,3
3484,1300,303,2261,-244,0,3,1,3,21,5,3
3614,1301,304,2262,-243,0,3,1,3,20,5,3
3744,1300,303,2262,-243,0,3,1,3,20,5,3
3874,1299,303,2261,-244,0,3,1,3,20,5,3
4004,1299,303,2262,-243,0,3,1,3,20,5,3
4133,1299,303,2262,-243,0,3,1,3,20,5,3
4262,1299,303,2261,-244,0,3,1,3,20,5,3
4392,1299,303,2262,-243,0,3,1,3,20,5,3
4522,1299,303,2261,-244,0,3,1,3,20,5,3
4652,1301,304,2261,-244,0,3,1,3,20,5,3
4781,1299,303,2261,-244,0,3,1,3,20,5,3
4911,1300,303,2261,-244,0,3,1,3,20,5,3
5041,1299,303,2262,-243,0,3,1,3,20,5,3
96,1299,302,3094,589,0,4,1,4,20,5,4
225,1304,307,3094,589,0,4,1,4,21,5,4
354,1302,305,3094,589,0,4,1,4,21,5,4
483,1304,307,3094,589,0,4,1,4,20,5,4
612,1304,307,3093,588,0,4,1,4,20,5,4
741,1300,304,3093,588,0,4,1,4,20,5,4
870,1301,304,3094,589,0,4,1,4,21,5,4
999,1302,305,3093,588,0,4,1,4,20,5,4
1128,1301,304,3093,588,0,4,1,4,20,5,4
1257,1302,305,3093,588,0,4,1,4,21,5,4
1386,1302,305,3093,588,0,4,1,4,20,5,4
1515,1302,305,3093,588,0,4,1,4,20,5,4
1644,1300,303,3093,588,0,4,1,4,20,5,4
1773,1302,305,3093,588,0,4,1,4,21,5,4
1902,1302,305,3093,588,0,4,1,4,20,5,4
2031,1302,305,3092,587,0,4,1,4,20,5,4
2160,1302,305,3093,588,0,4,1,4,20,5,4
2289,1302,305,3092,587,0,4,1,4,21,5,4
2418,1302,305,3092,587,0,4,1,4,20,5,4
2547,1301,304,3092,587,0,4,1,4,20,5,4
2676,1300,303,3092,587,0,4,1,4,20,5,4
2805,1302,305,3092,587,0,4,1,4,21,5,4
2934,1301,304,3092,587,0,4,1,4,20,5,4
3063,1301,304,3092,587,0,4,1,4,20,5,4
3192,1301,304,3092,587,0,4,1,4,21,5,4
3321,1301,304,3092,587,0,4,1,4,20,5,4
3450,1301,304,3092,587,0,4,1,4,20,5,4
3579,1300,303,3091,586,0,4,1,4,20,5,4
3708,1302,305,3091,586,0,4,1,4,20,5,4
3837,1301,304,3091,586,0,4,1,4,20,5,4
3966,1302,305,3091,586,0,4,1,4,20,5,4
4095,1301,304,3091,586,0,4,1,4,20,5,4
4224,1302,305,3091,586,0,4,1,4,21,5,4
4353,1300,303,3091,586,0,4,1,4,20,5,4
4482,1300,303,3091,586,0,4,1,4,20,5,4
4612,1301,304,3091,586,0,4,1,4,20,5,4
4741,1302,305,3091,586,0,4,1,4,20,5,4
4870,1300,303,3091,586,0,4,1,4,20,5,4
4999,1301,304,3091,586,0,4,1,4,20,5,4
90,1003,6,2616,111,0,0,1,0,20,6,0
215,1003,6,2617,112,0,0,1,0,21,6,0
339,1003,7,2617,112,0,0,1,0,21,6,0
463,1003,6,2618,113,0,0,1,0,20,6,0
588,1002,5,2617,112,0,0,1,0,20,6,0
712,1003,6,2617,112,0,0,1,0,21,6,0
836,1003,6,2617,112,0,0,1,0,20,6,0
961,1003,6,2616,111,0,0,1,0,21,6,0
1085,1004,7,2618,113,0,0,1,0,21,6,0
1209,1007,10,2616,111,0,0,1,0,21,6,0
1333,1007,10,2617,112,0,0,1,0,21,6,0
1458,1008,11,2617,112,0,0,1,0,20,6,0
1583,1007,10,2617,112,0,0,1,0,20,6,0
1707,1007,10,2617,112,0,0,1,0,21,6,0
1831,1006,10,2617,112,0,0,1,0,20,6,0
1956,1003,6,2617,112,0,0,1,0,21,6,0
2080,1003,6,2618,113,0,0,1,0,21,6,0
2204,1003,6,2617,112,0,0,1,0,21,6,0
2329,1003,6,2617,112,0,0,1,0,21,6,0
2453,1003,6,2617,112,0,0,1,0,20,6,0
2577,1003,6,2617,112,0,0,1,0,21,6,0
2702,1003,6,2616,111,0,0,1,0,21,6,0
2827,1003,6,2617,112,0,0,1,0,20,6,0
2952,1005,8,2616,111,0,0,1,0,20,6,0
3076,1004,7,2617,112,0,0,1,0,20,6,0
3201,1004,7,2617,112,0,0,1,0,21,6,0
3325,1004,7,2617,112,0,0,1,0,21,6,0
3450,1003,7,2616,111,0,0,1,0,20,6,0
3575,1004,7,2616,111,0,0,1,0,38,6,0
3699,1003,6,2616,111,0,0,1,0,38,6,0
3824,1004,7,2616,111,0,0,1,0,38,6,0
3948,1003,6,2616,111,0,0,1,0,21,6,0
4072,1003,6,2616,111,0,0,1,0,38,6,0
4197,1003,6,2617,112,0,0,1,0,38,6,0
4321,1004,7,2617,112,0,0,1,0,21,6,0
4445,1003,6,2617,112,0,0,1,0,20,6,0
4570,1004,7,2617,112,0,0,1,0,21,6,0
4695,1003,6,2618,113,0,0,1,0,21,6,0
4819,1003,6,2617,112,0,0,1,0,21,6,0
4943,1004,7,2618,113,0,0,1,0,21,6,0
5068,1005,8,2618,113,0,0,1,0,21,6,0
81,700,-297,2613,108,0,1,1,1,20,6,1
196,700,-297,2612,107,0,1,1,1,20,6,1
311,702,-295,2613,108,0,1,1,1,20,6,1
426,701,-296,2612,107,0,1,1,1,20,6,1
540,700,-297,2613,108,0,1,1,1,20,6,1
655,701,-296,2613,108,0,1,1,1,20,6,1
770,701,-295,2612,107,0,1,1,1,20,6,1
885,700,-297,2613,108,0,1,1,1,19,6,1
1000,700,-297,2612,107,0,1,1,1,20,6,1
1115,700,-297,2612,107,0,1,1,1,20,6,1
1229,700,-297,2613,108,0,1,1,1,20,6,1
1344,701,-295,2612,107,0,1,1,1,20,6,1
1459,700,-297,2613,108,0,1,1,1,20,6,1
1575,702,-295,2613,108,0,1,1,1,19,6,1
1690,702,-295,2612,107,0,1,1,1,20,6,1
1805,701,-296,2613,108,0,1,1,1,20,6,1
1920,701,-295,2612,107,0,1,1,1,20,6,1
2035,701,-295,2612,107,0,1,1,1,19,6,1
2150,700,-296,2612,107,0,1,1,1,37,6,1
2265,700,-297,2614,109,0,1,1,1,20,6,1
2380,700,-297,2613,108,0,1,1,1,20,6,1
2495,700,-297,2613,108,0,1,1,1,38,6,1
2610,701,-296,2613,108,0,1,1,1,20,6,1
2725,701,-296,2613,108,0,1,1,1,20,6,1
2840,700,-297,2613,108,0,1,1,1,37,6,1
2955,700,-297,2613,108,0,1,1,1,20,6,1
3070,700,-297,2613,108,0,1,1,1,38,6,1
3185,700,-297,2612,107,0,1,1,1,20,6,1
3300,700,-297,2612,107,0,1,1,1,38,6,1
3415,700,-297,2613,108,0,1,1,1,37,6,1
3530,701,-296,2613,108,0,1,1,1,20,6,1
3645,701,-296,2613,108,0,1,1,1,37,6,1
3760,701,-295,2613,108,0,1,1,1,20,6,1
3875,701,-295,2613,108,0,1,1,1,19,6,1
3990,700,-296,2612,107,0,1,1,1,20,6,1
4105,700,-297,2613,108,0,1,1,1,20,6,1
4220,701,-296,2613,108,0,1,1,1,20,6,1
4335,700,-296,2613,108,0,1,1,1,19,6,1
4450,700,-297,2612,107,0,1,1,1,20,6,1
4565,700,-297,2612,107,0,1,1,1,19,6,1
4680,700,-297,2613,108,0,1,1,1,20,6,1
4795,701,-296,2612,107,0,1,1,1,20,6,1
4910,700,-297,2613,108,0,1,1,1,19,6,1
5025,701,-296,2613,108,0,1,1,1,20,6,1
96,1302,305,2620,115,0,2,1,2,20,6,2
226,1303,306,2619,114,0,2,1,2,20,6,2
356,1303,306,2619,114,0,2,1,2,21,6,2
486,1303,306,2619,114,0,2,1,2,20,6,2
616,1303,306,2620,115,0,2,1,2,20,6,2
746,1302,305,2620,115,0,2,1,2,20,6,2
876,1303,306,2620,115,0,2,1,2,20,6,2
1006,1303,306,2620,115,0,2,1,2,21,6,2
1136,1303,306,2619,114,0,2,1,2,20,6,2
1266,1303,306,2619,114,0,2,1,2,20,6,2
1396,1303,306,2619,114,0,2,1,2,20,6,2
1526,1303,306,2619,114,0,2,1,2,21,6,2
1656,1304,307,2619,114,0,2,1,2,21,6,2
1787,1303,306,2620,115,0,2,1,2,20,6,2
1917,1304,307,2619,114,0,2,1,2,20,6,2
2047,1303,306,2619,114,0,2,1,2,20,6,2
2177,1304,307,2619,114,0,2,1,2,21,6,2
2307,1303,306,2620,115,0,2,1,2,21,6,2
2437,1303,306,2619,114,0,2,1,2,20,6,2
2567,1303,307,2619,114,0,2,1,2,20,6,2
2697,1304,307,2619,114,0,2,1,2,21,6,2
2827,1303,306,2619,114,0,2,1,2,20,6,2
2957,1303,306,2620,115,0,2,1,2,21,6,2
3087,1303,306,2620,115,0,2,1,2,20,6,2
3217,1304,307,2619,114,0,2,1,2,20,6,2
3347,1303,306,2620,115,0,2,1,2,20,6,2
3477,1303,306,2620,115,0,2,1,2,20,6,2
3607,1303,306,2620,115,0,2,1,2,21,6,2
3737,1303,306,2619,114,0,2,1,2,21,6,2
3866,1303,306,2620,115,0,2,1,2,20,6,2
3995,1303,306,2620,115,0,2,1,2,20,6,2
4125,1303,306,2620,115,0,2,1,2,21,6,2
4254,1303,306,2619,114,0,2,1,2,20,6,2
4384,1303,306,2620,115,0,2,1,2,20,6,2
4515,1303,306,2619,114,0,2,1,2,20,6,2
4645,1303,306,2619,114,0,2,1,2,20,6,2
4775,1303,306,2619,114,0,2,1,2,21,6,2
4905,1303,306,2619,114,0,2,1,2,20,6,2
5034,1303,306,2620,115,0,2,1,2,20,6,2
96,1305,308,1054,-1451,0,3,1,3,20,6,3
226,1304,307,1054,-1451,0,3,1,3,20,6,3
356,1306,309,1055,-1450,0,3,1,3,21,6,3
486,1305,309,1054,-1451,0,3,1,3,20,6,3
617,1304,307,1054,-1451,0,3,1,3,20,6,3
747,1304,307,1055,-1450,0,3,1,3,20,6,3
877,1303,306,1053,-1452,0,3,1,3,20,6,3
1008,1303,306,1054,-1451,0,3,1,3,20,6,3
1138,1304,307,1054,-1451,0,3,1,3,20,6,3
1268,1304,307,1054,-1451,0,3,1,3,20,6,3
1398,1304,307,1053,-1452,0,3,1,3,20,6,3
1528,1303,307,1054,-1451,0,3,1,3,20,6,3
1658,1304,308,1054,-1451,0,3,1,3,20,6,3
1788,1303,307,1054,-1451,0,3,1,3,20,6,3
1918,1303,306,1054,-1451,0,3,1,3,20,6,3
2049,1304,307,1054,-1451,0,3,1,3,20,6,3
2179,1304,307,1055,-1450,0,3,1,3,20,6,3
2310,1303,307,1054,-1451,0,3,1,3,20,6,3
2440,1304,307,1055,-1450,0,3,1,3,20,6,3
2570,1304,308,1054,-1451,0,3,1,3,20,6,3
2700,1304,307,1055,-1450,0,3,1,3,20,6,3
2830,1302,305,1054,-1451,0,3,1,3,20,6,3
2960,1304,307,1055,-1450,0,3,1,3,20,6,3
3091,1303,306,1055,-1450,0,3,1,3,20,6,3
3221,1304,308,1054,-1451,0,3,1,3,20,6,3
3352,1303,306,1054,-1451,0,3,1,3,20,6,3
3482,1303,307,1054,-1451,0,3,1,3,20,6,3
3613,1303,307,1054,-1451,0,3,1,3,20,6,3
3743,1303,306,1055,-1450,0,3,1,3,20,6,3
3874,1302,305,1054,-1451,0,3,1,3,20,6,3
4004,1303,307,1054,-1451,0,3,1,3,20,6,3
4135,1304,307,1054,-1451,0,3,1,3,20,6,3
4266,1303,306,1056,-1449,0,3,1,3,20,6,3
4396,1302,305,1055,-1450,0,3,1,3,20,6,3
4525,1302,305,1055,-1450,0,3,1,3,20,6,3
4654,1304,307,1055,-1450,0,3,1,3,20,6,3
4784,1302,305,1055,-1450,0,3,1,3,20,6,3
4914,1302,305,1054,-1451,0,3,1,3,20,6,3
5045,1302,306,1054,-1451,0,3,1,3,20,6,3
96,1303,307,3094,589,0,4,1,4,21,6,4
226,1304,307,3094,589,0,4,1,4,20,6,4
356,1303,307,3094,589,0,4,1,4,21,6,4
485,1307,310,3094,589,0,4,1,4,20,6,4
615,1304,307,3094,589,0,4,1,4,21,6,4
745,1304,307,3093,588,0,4,1,4,21,6,4
874,1302,305,3094,589,0,4,1,4,20,6,4
1004,1304,307,3094,589,0,4,1,4,20,6,4
1134,1303,306,3093,588,0,4,1,4,20,6,4
1264,1303,306,3093,588,0,4,1,4,21,6,4
1394,1302,305,3093,588,0,4,1,4,20,6,4
1523,1303,306,3092,587,0,4,1,4,21,6,4
1653,1303,306,3093,588,0,4,1,4,20,6,4
1783,1304,307,3093,588,0,4,1,4,20,6,4
1913,1302,305,3093,588,0,4,1,4,20,6,4
2043,1303,306,3093,588,0,4,1,4,20,6,4
2173,1303,306,3092,587,0,4,1,4,21,6,4
2303,1303,306,3093,588,0,4,1,4,21,6,4
2434,1303,306,3093,588,0,4,1,4,20,6,4
2564,1303,306,3093,588,0,4,1,4,20,6,4
2694,1303,306,3093,588,0,4,1,4,20,6,4
2823,1304,307,3093,588,0,4,1,4,20,6,4
2953,1303,306,3092,587,0,4,1,4,20,6,4
3083,1303,306,3092,587,0,4,1,4,21,6,4
3213,1303,306,3092,587,0,4,1,4,20,6,4
3343,1303,306,3092,587,0,4,1,4,20,6,4
3473,1303,306,3092,587,0,4,1,4,20,6,4
3603,1302,305,3092,587,0,4,1,4,21,6,4
3733,1303,306,3092,587,0,4,1,4,20,6,4
3863,1303,306,3092,587,0,4,1,4,20,6,4
3993,1303,306,3091,586,0,4,1,4,20,6,4
4123,1303,306,3092,587,0,4,1,4,20,6,4
4253,1303,306,3091,586,0,4,1,4,20,6,4
4384,1303,306,3092,587,0,4,1,4,20,6,4
4514,1303,306,3092,587,0,4,1,4,20,6,4
4644,1303,306,3091,586,0,4,1,4,20,6,4
4774,1303,306,3091,586,0,4,1,4,20,6,4
4904,1303,306,3091,586,0,4,1,4,21,6,4
5034,1303,306,3091,586,0,4,1,4,20,6,4
90,1001,4,2616,111,0,0,1,0,21,7,0
215,1001,4,2616,111,0,0,1,0,20,7,0
339,1001,4,2617,112,0,0,1,0,20,7,0
464,1001,4,2616,111,0,0,1,0,20,7,0
588,1002,5,2616,111,0,0,1,0,20,7,0
713,1002,5,2616,111,0,0,1,0,20,7,0
838,1001,4,2616,111,0,0,1,0,20,7,0
963,1001,4,2617,112,0,0,1,0,21,7,0
1087,1001,4,2617,112,0,0,1,0,21,7,0
1211,1001,4,2617,112,0,0,1,0,21,7,0
1335,1001,5,2617,112,0,0,1,0,20,7,0
1459,1001,5,2616,111,0,0,1,0,20,7,0
1583,1001,5,2616,111,0,0,1,0,21,7,0
1708,1000,3,2616,111,0,0,1,0,21,7,0
1832,1001,4,2616,111,0,0,1,0,21,7,0
1956,1000,3,2616,111,0,0,1,0,20,7,0
2080,1000,3,2616,111,0,0,1,0,20,7,0
2204,1000,3,2617,112,0,0,1,0,21,7,0
2329,1001,5,2616,111,0,0,1,0,21,7,0
2453,1000,3,2616,111,0,0,1,0,20,7,0
2577,1001,4,2616,111,0,0,1,0,20,7,0
2701,1000,3,2617,112,0,0,1,0,20,7,0
2825,1000,3,2616,111,0,0,1,0,20,7,0
2949,1001,4,2616,111,0,0,1,0,21,7,0
3074,1001,5,2616,111,0,0,1,0,21,7,0
3198,1000,3,2617,112,0,0,1,0,20,7,0
3322,1000,3,2617,112,0,0,1,0,21,7,0
3446,1000,3,2617,112,0,0,1,0,21,7,0
3570,1000,3,2617,112,0,0,1,0,21,7,0
3694,1001,4,2616,111,0,0,1,0,21,7,0
3819,1001,4,2616,111,0,0,1,0,21,7,0
3943,1000,3,2616,111,0,0,1,0,21,7,0
4068,1000,3,2616,111,0,0,1,0,21,7,0
4192,1001,4,2616,111,0,0,1,0,20,7,0
4317,1000,3,2616,111,0,0,1,0,21,7,0
4441,1000,4,2616,111,0,0,1,0,21,7,0
4565,1001,4,2616,111,0,0,1,0,21,7,0
4689,1001,4,2616,111,0,0,1,0,21,7,0
4813,1001,5,2616,111,0,0,1,0,21,7,0
4938,1001,4,2616,111,0,0,1,0,21,7,0
5062,1001,5,2616,111,0,0,1,0,21,7,0
81,702,-295,2612,107,0,1,1,1,20,7,1
196,703,-294,2612,107,0,1,1,1,20,7,1
311,703,-294,2612,107,0,1,1,1,19,7,1
425,702,-295,2612,107,0,1,1,1,20,7,1
540,703,-294,2613,108,0,1,1,1,20,7,1
655,702,-295,2612,107,0,1,1,1,19,7,1
770,702,-295,2612,107,0,1,1,1,20,7,1
885,702,-294,2612,107,0,1,1,1,20,7,1
1000,703,-293,2612,107,0,1,1,1,20,7,1
1115,702,-295,2612,107,0,1,1,1,20,7,1
1230,706,-291,2613,108,0,1,1,1,19,7,1
1345,702,-295,2612,107,0,1,1,1,20,7,1
1459,702,-295,2612,107,0,1,1,1,19,7,1
1575,702,-295,2611,106,0,1,1,1,19,7,1
1690,702,-295,2612,107,0,1,1,1,20,7,1
1805,703,-293,2613,108,0,1,1,1,20,7,1
1919,702,-295,2612,107,0,1,1,1,20,7,1
2034,702,-294,2612,107,0,1,1,1,20,7,1
2148,703,-293,2612,107,0,1,1,1,20,7,1
2263,705,-292,2612,107,0,1,1,1,20,7,1
2378,703,-294,2612,107,0,1,1,1,20,7,1
2492,702,-295,2612,107,0,1,1,1,20,7,1
2607,703,-293,2612,107,0,1,1,1,20,7,1
2722,703,-293,2612,107,0,1,1,1,20,7,1
2837,703,-294,2612,107,0,1,1,1,20,7,1
2952,703,-293,2613,108,0,1,1,1,20,7,1
3067,705,-292,2612,107,0,1,1,1,19,7,1
3182,703,-294,2612,107,0,1,1,1,20,7,1
3297,703,-294,2612,107,0,1,1,1,20,7,1
3412,702,-295,2612,107,0,1,1,1,20,7,1
3526,702,-294,2612,107,0,1,1,1,20,7,1
3641,702,-294,2612,107,0,1,1,1,20,7,1
3755,702,-295,2612,107,0,1,1,1,20,7,1
3870,702,-294,2612,107,0,1,1,1,20,7,1
3985,702,-295,2612,107,0,1,1,1,20,7,1
4100,702,-295,2612,107,0,1,1,1,20,7,1
4215,703,-293,2612,107,0,1,1,1,20,7,1
4330,702,-295,2611,106,0,1,1,1,20,7,1
4445,702,-295,2612,107,0,1,1,1,19,7,1
4559,702,-295,2612,107,0,1,1,1,19,7,1
4674,702,-295,2612,107,0,1,1,1,20,7,1
4789,702,-295,2612,107,0,1,1,1,19,7,1
4904,702,-295,2612,107,0,1,1,1,19,7,1
5019,702,-295,2612,107,0,1,1,1,20,7,1
96,1298,301,2619,114,0,2,1,2,21,7,2
226,1299,303,2618,113,0,2,1,2,20,7,2
356,1301,304,2618,113,0,2,1,2,21,7,2
486,1298,301,2618,113,0,2,1,2,21,7,2
616,1298,302,2618,113,0,2,1,2,20,7,2
746,1298,301,2618,113,0,2,1,2,20,7,2
876,1301,304,2619,114,0,2,1,2,21,7,2
1006,1299,303,2618,113,0,2,1,2,20,7,2
1137,1301,304,2619,114,0,2,1,2,20,7,2
1267,1298,301,2618,113,0,2,1,2,21,7,2
1397,1299,302,2619,114,0,2,1,2,20,7,2
1527,1301,304,2618,113,0,2,1,2,20,7,2
1657,1298,301,2618,113,0,2,1,2,21,7,2
1787,1299,302,2618,113,0,2,1,2,20,7,2
1917,1299,303,2619,114,0,2,1,2,21,7,2
2047,1299,303,2618,113,0,2,1,2,20,7,2
2177,1299,303,2618,113,0,2,1,2,20,7,2
2308,1301,304,2618,113,0,2,1,2,21,7,2
2437,1299,303,2618,113,0,2,1,2,20,7,2
2567,1299,303,2619,114,0,2,1,2,20,7,2
2697,1299,302,2618,113,0,2,1,2,20,7,2
2827,1298,301,2618,113,0,2,1,2,21,7,2
2957,1298,302,2618,113,0,2,1,2,21,7,2
3087,1298,301,2619,114,0,2,1,2,20,7,2
3217,1303,306,2619,114,0,2,1,2,21,7,2
3347,1299,303,2618,113,0,2,1,2,21,7,2
3477,1299,303,2618,113,0,2,1,2,20,7,2
3607,1299,303,2618,113,0,2,1,2,20,7,2
3737,1299,302,2619,114,0,2,1,2,21,7,2
3867,1299,302,2619,114,0,2,1,2,21,7,2
3997,1298,302,2618,113,0,2,1,2,20,7,2
4127,1299,302,2619,114,0,2,1,2,21,7,2
4257,1303,306,2619,114,0,2,1,2,21,7,2
4387,1299,302,2618,113,0,2,1,2,20,7,2
4517,1298,302,2619,114,0,2,1,2,20,7,2
4647,1298,301,2619,114,0,2,1,2,20,7,2
4777,1299,303,2619,114,0,2,1,2,20,7,2
4907,1298,301,2618,113,0,2,1,2,21,7,2
5037,1299,302,2619,114,0,2,1,2,21,7,2
95,1298,301,240,-2265,0,3,1,3,20,7,3
226,1302,305,240,-2265,0,3,1,3,20,7,3
356,1302,305,240,-2265,0,3,1,3,20,7,3
486,1302,305,240,-2265,0,3,1,3,20,7,3
616,1302,305,240,-2265,0,3,1,3,20,7,3
746,1302,305,240,-2265,0,3,1,3,20,7,3
876,1302,305,239,-2266,0,3,1,3,20,7,3
1006,1302,305,240,-2265,0,3,1,3,20,7,3
1136,1302,305,239,-2266,0,3,1,3,20,7,3
1267,1299,302,240,-2265,0,3,1,3,21,7,3
1397,1302,305,239,-2266,0,3,1,3,20,7,3
1527,1302,305,239,-2266,0,3,1,3,20,7,3
1657,1302,305,239,-2266,0,3,1,3,20,7,3
1788,1298,301,239,-2266,0,3,1,3,20,7,3
1918,1298,301,238,-2267,0,3,1,3,20,7,3
2049,1302,305,239,-2266,0,3,1,3,20,7,3
2179,1299,302,238,-2267,0,3,1,3,20,7,3
2309,1302,305,239,-2266,0,3,1,3,20,7,3
2439,1302,305,239,-2266,0,3,1,3,20,7,3
2570,1301,304,239,-2266,0,3,1,3,20,7,3
2700,1298,302,238,-2267,0,3,1,3,20,7,3
2831,1300,303,239,-2266,0,3,1,3,20,7,3
2961,1298,302,239,-2266,0,3,1,3,20,7,3
3092,1298,301,238,-2267,0,3,1,3,20,7,3
3223,1298,301,239,-2266,0,3,1,3,20,7,3
3353,1298,301,238,-2267,0,3,1,3,20,7,3
3483,1300,303,238,-2267,0,3,1,3,20,7,3
3614,1298,301,238,-2267,0,3,1,3,38,7,3
3744,1298,301,238,-2267,0,3,1,3,38,7,3
3874,1298,301,238,-2267,0,3,1,3,38,7,3
4004,1298,301,239,-2266,0,3,1,3,37,7,3
4135,1298,301,238,-2267,0,3,1,3,20,7,3
4266,1298,302,239,-2266,0,3,1,3,20,7,3
4396,1302,305,238,-2267,0,3,1,3,20,7,3
4526,1298,301,239,-2266,0,3,1,3,20,7,3
4656,1300,303,238,-2267,0,3,1,3,20,7,3
4786,1298,301,238,-2267,0,3,1,3,20,7,3
4916,1302,305,238,-2267,0,3,1,3,20,7,3
5046,1302,305,238,-2267,0,3,1,3,20,7,3
95,1304,307,3178,673,0,4,1,4,20,7,4
225,1302,306,3178,673,0,4,1,4,20,7,4
354,1298,301,3177,672,0,4,1,4,21,7,4
484,1300,303,3178,673,0,4,1,4,20,7,4
613,1298,301,3178,673,0,4,1,4,20,7,4
743,1299,302,3178,673,0,4,1,4,20,7,4
873,1302,305,3177,672,0,4,1,4,20,7,4
1003,1302,305,3177,672,0,4,1,4,20,7,4
1133,1302,305,3177,672,0,4,1,4,20,7,4
1263,1302,305,3177,672,0,4,1,4,20,7,4
1393,1303,306,3177,672,0,4,1,4,20,7,4
1523,1302,305,3177,672,0,4,1,4,20,7,4
1652,1302,305,3177,672,0,4,1,4,21,7,4
1782,1298,301,3177,672,0,4,1,4,20,7,4
1911,1298,301,3177,672,0,4,1,4,20,7,4
2041,1302,306,3177,672,0,4,1,4,20,7,4
2171,1302,305,3177,672,0,4,1,4,20,7,4
2301,1299,302,3176,671,0,4,1,4,21,7,4
2431,1298,301,3177,672,0,4,1,4,20,7,4
2561,1302,305,3176,671,0,4,1,4,21,7,4
2691,1302,305,3177,672,0,4,1,4,20,7,4
2821,1302,305,3177,672,0,4,1,4,21,7,4
2951,1302,305,3176,671,0,4,1,4,20,7,4
3081,1302,305,3176,671,0,4,1,4,20,7,4
3211,1302,305,3176,671,0,4,1,4,21,7,4
3341,1298,302,3176,671,0,4,1,4,20,7,4
3471,1301,304,3176,671,0,4,1,4,21,7,4
3601,1302,305,3176,671,0,4,1,4,20,7,4
3732,1302,305,3176,671,0,4,1,4,20,7,4
3862,1302,305,3177,672,0,4,1,4,20,7,4
3992,1302,305,3176,671,0,4,1,4,21,7,4
4122,1298,302,3176,671,0,4,1,4,20,7,4
4252,1302,305,3176,671,0,4,1,4,21,7,4
4382,1302,305,3176,671,0,4,1,4,20,7,4
4512,1298,301,3176,671,0,4,1,4,20,7,4
4642,1301,304,3176,671,0,4,1,4,20,7,4
4772,1302,305,3176,671,0,4,1,4,21,7,4
4902,1302,305,3176,671,0,4,1,4,20,7,4
5032,1302,305,3176,671,0,4,1,4,20,7,4
