2180,48,-2132,CLOSE,0
2180,920,-1261,CLOSE,0
2180,919,-1261,CLOSE,0
2180,920,-1261,CLOSE,0
2180,916,-1265,CLOSE,0
2180,914,-1266,CLOSE,0
2180,916,-1265,CLOSE,0
2180,914,-1266,CLOSE,0
2180,914,-1266,CLOSE,0
2180,914,-1266,CLOSE,0
2180,916,-1265,CLOSE,0
2180,916,-1264,CLOSE,0
2180,916,-1265,CLOSE,0
2180,914,-1266,CLOSE,0
2180,916,-1265,CLOSE,0
2180,914,-1266,CLOSE,0
2180,919,-1262,CLOSE,0
2180,918,-1262,CLOSE,0
2180,917,-1263,CLOSE,0
2180,916,-1264,CLOSE,0
2180,917,-1263,CLOSE,0
2180,916,-1264,CLOSE,0
2180,912,-1268,CLOSE,0
2180,918,-1263,CLOSE,0
2180,914,-1266,CLOSE,0
2180,918,-1262,CLOSE,0
2180,917,-1263,CLOSE,0
2180,918,-1262,CLOSE,0
2180,917,-1263,CLOSE,0
2180,916,-1264,CLOSE,0
2180,915,-1265,CLOSE,0
2180,916,-1264,CLOSE,0
2180,914,-1266,CLOSE,0
2180,918,-1262,CLOSE,0
2180,918,-1263,CLOSE,0
2180,918,-1262,CLOSE,0
2180,915,-1265,CLOSE,0
2180,921,-1259,CLOSE,0
2180,917,-1263,CLOSE,0
2180,921,-1259,CLOSE,0
2180,917,-1263,CLOSE,0
2180,918,-1262,CLOSE,0
2180,921,-1259,CLOSE,0
2180,917,-1263,CLOSE,0
2180,912,-1268,CLOSE,0
2180,916,-1264,CLOSE,0
2180,918,-1263,CLOSE,0
2180,921,-1259,CLOSE,0
2180,914,-1266,CLOSE,0
2180,918,-1263,CLOSE,0
2180,917,-1263,CLOSE,0
2180,921,-1259,CLOSE,0
2180,917,-1263,CLOSE,0
2180,917,-1263,CLOSE,0
2180,917,-1263,CLOSE,0
2180,918,-1263,CLOSE,0
2180,919,-1261,CLOSE,0
2180,921,-1259,CLOSE,0
2180,917,-1263,CLOSE,0
2180,918,-1263,CLOSE,0
2180,917,-1263,CLOSE,0
2180,921,-1259,CLOSE,0
2180,921,-1259,CLOSE,0
2180,921,-1259,CLOSE,0
2180,917,-1263,CLOSE,0
2180,921,-1259,CLOSE,0
2180,919,-1261,CLOSE,0
2180,920,-1261,CLOSE,0
2180,917,-1263,CLOSE,0
2180,920,-1261,CLOSE,0
2180,917,-1263,CLOSE,0
2180,920,-1261,CLOSE,0
2180,917,-1263,CLOSE,0
2180,921,-1259,CLOSE,0
2180,921,-1259,CLOSE,0
2180,920,-1261,CLOSE,0
2180,917,-1263,CLOSE,0
2180,921,-1259,CLOSE,0
2180,917,-1263,CLOSE,0
2180,916,-1264,CLOSE,0
2180,921,-1259,CLOSE,0
2180,920,-1261,CLOSE,0
2180,921,-1260,CLOSE,0
2180,921,-1259,CLOSE,0
2180,921,-1259,CLOSE,0
2180,922,-1258,CLOSE,0
2180,924,-1256,CLOSE,0
2180,921,-1259,CLOSE,0
2180,921,-1259,CLOSE,0
2180,921,-1259,CLOSE,0
2180,921,-1259,CLOSE,0
2180,921,-1259,CLOSE,0
2180,915,-1265,CLOSE,0
2180,918,-1262,CLOSE,0
2180,921,-1259,CLOSE,0
2180,921,-1259,CLOSE,0
2180,922,-1258,CLOSE,0
2180,926,-1255,CLOSE,0
2180,928,-1252,CLOSE,0
2180,927,-1253,CLOSE,0
2180,924,-1256,CLOSE,0
2180,930,-1250,CLOSE,0
2180,928,-1252,CLOSE,0
2180,927,-1254,CLOSE,0
2180,925,-1256,CLOSE,0
2180,921,-1259,CLOSE,0
2180,924,-1256,CLOSE,0
2180,925,-1255,CLOSE,0
2180,921,-1260,CLOSE,0
2180,925,-1255,CLOSE,0
2180,921,-1259,CLOSE,0
2180,925,-1255,CLOSE,0
2180,922,-1258,CLOSE,0
2180,925,-1255,CLOSE,0
2180,925,-1256,CLOSE,0
2180,925,-1255,CLOSE,0
2180,926,-1254,CLOSE,0
2180,923,-1257,CLOSE,0
2180,928,-1252,CLOSE,0
2180,926,-1255,CLOSE,0
2180,930,-1251,CLOSE,0
2180,923,-1258,CLOSE,0
2180,925,-1256,CLOSE,0
2180,925,-1255,CLOSE,0
2180,928,-1252,CLOSE,0
2180,925,-1255,CLOSE,0
2180,919,-1261,CLOSE,0
2180,925,-1255,CLOSE,0
2180,926,-1254,CLOSE,0
2180,929,-1252,CLOSE,0
2180,928,-1252,CLOSE,0
2180,930,-1251,CLOSE,0
2180,926,-1254,CLOSE,0
2180,925,-1255,CLOSE,0
2180,944,-1236,CLOSE,0
2180,943,-1238,CLOSE,0
2180,942,-1238,CLOSE,0
2180,934,-1246,CLOSE,0
2180,932,-1249,CLOSE,0
2180,941,-1239,CLOSE,0
2180,941,-1240,CLOSE,0
# REFERENCE SAVED 933 mm
933,924,-9,CORRECT,0
933,925,-8,CORRECT,0
933,928,-5,CORRECT,0
933,928,-5,CORRECT,0
933,924,-9,CORRECT,0
933,925,-8,CORRECT,0
933,923,-10,CORRECT,0
933,924,-9,CORRECT,0
933,924,-9,CORRECT,0
933,925,-9,CORRECT,0
933,924,-9,CORRECT,0
933,924,-9,CORRECT,0
933,924,-9,CORRECT,0
933,925,-9,CORRECT,0
933,926,-7,CORRECT,0
933,926,-7,CORRECT,0
933,925,-8,CORRECT,0
933,926,-7,CORRECT,0
933,924,-9,CORRECT,0
933,924,-9,CORRECT,0
933,924,-9,CORRECT,0
933,921,-12,CORRECT,0
933,924,-9,CORRECT,0
933,924,-9,CORRECT,0
933,926,-7,CORRECT,0
933,925,-9,CORRECT,0
933,924,-9,CORRECT,0
933,924,-9,CORRECT,0
933,924,-9,CORRECT,0
933,926,-7,CORRECT,0
933,928,-5,CORRECT,0
933,928,-5,CORRECT,0
933,928,-5,CORRECT,0
933,928,-5,CORRECT,0
933,928,-5,CORRECT,0
933,930,-3,CORRECT,0
933,932,-2,CORRECT,0
933,933,0,CORRECT,0
933,933,0,CORRECT,0
933,924,-9,CORRECT,0
933,723,-211,CLOSE,0
933,933,-0,CORRECT,0
933,925,-8,CORRECT,0
933,929,-5,CORRECT,0
933,930,-3,CORRECT,0
933,928,-5,CORRECT,0
933,928,-5,CORRECT,0
933,924,-9,CORRECT,0
933,925,-9,CORRECT,0
933,928,-5,CORRECT,0
933,928,-5,CORRECT,0
933,933,0,CORRECT,0
933,933,0,CORRECT,0
933,928,-5,CORRECT,0
933,925,-9,CORRECT,0
933,930,-3,CORRECT,0
933,930,-3,CORRECT,0
933,933,0,CORRECT,0
933,933,0,CORRECT,0
933,924,-9,CORRECT,0
933,933,0,CORRECT,0
933,930,-3,CORRECT,0
933,926,-7,CORRECT,0
933,923,-10,CORRECT,0
933,930,-3,CORRECT,0
933,928,-5,CORRECT,0
933,933,0,CORRECT,0
933,925,-8,CORRECT,0
933,925,-8,CORRECT,0
933,925,-8,CORRECT,0
933,925,-8,CORRECT,0
933,925,-8,CORRECT,0
933,925,-8,CORRECT,0
933,925,-8,CORRECT,0
933,923,-10,CORRECT,0
933,923,-10,CORRECT,0
933,930,-3,CORRECT,0
933,929,-5,CORRECT,0
933,932,-1,CORRECT,0
933,927,-6,CORRECT,0
933,932,-1,CORRECT,0
933,929,-5,CORRECT,0
933,929,-5,CORRECT,0
933,929,-5,CORRECT,0
933,924,-9,CORRECT,0
933,927,-6,CORRECT,0
933,924,-9,CORRECT,0
933,928,-5,CORRECT,0
933,927,-6,CORRECT,0
933,923,-10,CORRECT,0
933,929,-5,CORRECT,0
933,933,0,CORRECT,0
933,929,-5,CORRECT,0
933,934,1,CORRECT,0
933,932,-1,CORRECT,0
933,932,-1,CORRECT,0
933,932,-1,CORRECT,0
933,932,-1,CORRECT,0
933,929,-5,CORRECT,0
933,932,-1,CORRECT,0
933,945,12,CORRECT,0
933,918,-15,CORRECT,0
933,923,-10,CORRECT,0
933,918,-15,CORRECT,0
933,921,-12,CORRECT,0
933,921,-12,CORRECT,0
933,916,-17,CORRECT,0
933,918,-15,CORRECT,0
933,914,-19,CORRECT,0
933,918,-15,CORRECT,0
933,921,-12,CORRECT,0
933,923,-10,CORRECT,0
933,918,-15,CORRECT,0
933,918,-15,CORRECT,0
933,918,-15,CORRECT,0
933,914,-19,CORRECT,0
933,918,-15,CORRECT,0
933,918,-15,CORRECT,0
933,918,-15,CORRECT,0
933,918,-15,CORRECT,0
933,924,-9,CORRECT,0
933,921,-12,CORRECT,0
933,74,-859,CLOSE,0
933,101,-832,CLOSE,0
933,921,-12,CORRECT,0
933,921,-12,CORRECT,0
933,923,-10,CORRECT,0
933,921,-12,CORRECT,0
933,921,-12,CORRECT,0
933,921,-12,CORRECT,0
933,921,-12,CORRECT,0
933,925,-8,CORRECT,0
933,922,-11,CORRECT,0
933,921,-12,CORRECT,0
933,925,-8,CORRECT,0
933,921,-12,CORRECT,0
933,923,-10,CORRECT,0
933,927,-6,CORRECT,0
933,921,-12,CORRECT,0
933,927,-6,CORRECT,0
933,927,-6,CORRECT,0
933,951,18,CORRECT,0
933,927,-7,CORRECT,0
933,951,18,CORRECT,0
933,926,-7,CORRECT,0
933,951,18,CORRECT,0
933,955,22,CORRECT,0
933,955,22,CORRECT,0
933,951,18,CORRECT,0
933,952,19,CORRECT,0
933,926,-7,CORRECT,0
933,926,-7,CORRECT,0
933,923,-10,CORRECT,0
933,926,-7,CORRECT,0
933,926,-7,CORRECT,0
933,926,-7,CORRECT,0
933,927,-7,CORRECT,0
933,927,-6,CORRECT,0
933,960,27,CORRECT,0
933,957,23,CORRECT,0
933,960,27,CORRECT,0
933,927,-6,CORRECT,1
933,923,-10,CORRECT,2
933,2420,1487,FAR,0
933,926,-7,CORRECT,1
933,2647,1714,FAR,1
933,2409,1476,FAR,0
933,2396,1462,FAR,0
933,927,-7,CORRECT,1
933,960,26,CORRECT,2
933,950,16,CORRECT,0
933,950,17,CORRECT,0
933,955,22,CORRECT,0
933,955,22,CORRECT,0
933,955,22,CORRECT,0
933,955,22,CORRECT,0
933,950,16,CORRECT,0
933,951,18,CORRECT,0
933,951,18,CORRECT,0
933,929,-4,CORRECT,0
933,951,18,CORRECT,0
933,927,-7,CORRECT,0
933,948,15,CORRECT,0
933,948,15,CORRECT,0
933,948,15,CORRECT,0
933,957,24,CORRECT,0
933,923,-10,CORRECT,1
933,955,22,CORRECT,0
933,955,22,CORRECT,0
933,951,18,CORRECT,0
933,919,-14,CORRECT,0
933,916,-17,CORRECT,0
933,917,-16,CORRECT,0
933,916,-17,CORRECT,0
933,914,-19,CORRECT,0
933,925,-8,CORRECT,0
933,921,-12,CORRECT,0
933,921,-12,CORRECT,0
933,916,-17,CORRECT,0
933,918,-15,CORRECT,0
933,920,-14,CORRECT,0
933,922,-11,CORRECT,0
933,953,20,CORRECT,0
933,1053,120,FAR,0
933,1185,252,FAR,0
933,1133,199,FAR,0
933,1129,196,FAR,0
933,1305,372,FAR,0
933,786,-147,CLOSE,0
933,815,-118,CLOSE,0
933,858,-75,CLOSE,0
933,875,-58,CLOSE,0
933,868,-65,CLOSE,0
933,983,49,FAR,0
933,868,-66,CLOSE,0
933,997,63,FAR,0
933,866,-67,CLOSE,0
933,986,53,FAR,0
933,1365,431,FAR,0
933,867,-67,CLOSE,0
933,1363,430,FAR,0
933,860,-73,CLOSE,0
933,857,-76,CLOSE,0
933,861,-72,CLOSE,0
933,862,-71,CLOSE,0
933,865,-68,CLOSE,0
933,1364,430,FAR,0
933,864,-69,CLOSE,0
933,1362,429,FAR,0
933,859,-74,CLOSE,0
933,995,62,FAR,0
933,864,-69,CLOSE,0
933,864,-69,CLOSE,0
933,870,-63,CLOSE,0
933,878,-55,CLOSE,0
933,865,-68,CLOSE,0
933,873,-60,CLOSE,0
933,898,-35,CLOSE,0
933,1279,346,FAR,0
933,1286,353,FAR,0
933,885,-48,CLOSE,0
933,878,-56,CLOSE,0
933,877,-56,CLOSE,0
933,882,-52,CLOSE,0
933,885,-48,CLOSE,0
933,892,-41,CLOSE,0
933,1297,364,FAR,0
933,1362,429,FAR,0
933,885,-48,CLOSE,0
933,721,-212,CLOSE,0
933,891,-42,CLOSE,0
933,887,-46,CLOSE,0
933,885,-48,CLOSE,0
933,890,-43,CLOSE,0
933,880,-53,CLOSE,0
933,891,-43,CLOSE,0
933,891,-42,CLOSE,0
933,885,-48,CLOSE,0
933,886,-48,CLOSE,0
933,890,-43,CLOSE,0
933,884,-49,CLOSE,0
933,888,-45,CLOSE,0
933,1362,429,FAR,0
933,1362,429,FAR,0
933,1303,369,FAR,0
933,1362,429,FAR,0
933,1362,429,FAR,0
933,1364,431,FAR,0
933,1362,429,FAR,0
933,1288,355,FAR,0
933,1362,429,FAR,0
933,1288,355,FAR,0
933,1306,373,FAR,0
933,1362,429,FAR,0
933,1306,373,FAR,0
933,1306,373,FAR,0
933,1308,375,FAR,0
933,1362,429,FAR,0
933,1308,375,FAR,0
933,1306,373,FAR,0
933,1308,375,FAR,0
933,1308,375,FAR,0
933,1308,375,FAR,0
933,1105,172,FAR,0
933,1306,372,FAR,0
933,1114,181,FAR,0
933,1306,373,FAR,0
933,1362,429,FAR,0
933,1364,431,FAR,0
933,1306,373,FAR,0
933,1302,369,FAR,0
933,1362,429,FAR,0
933,1362,429,FAR,0
933,1301,368,FAR,0
933,1302,369,FAR,0
933,1303,369,FAR,0
933,1128,195,FAR,0
933,1301,368,FAR,0
933,1362,429,FAR,0
933,1362,429,FAR,0
933,1132,199,FAR,0
933,1114,181,FAR,0
933,1294,360,FAR,0
933,1302,369,FAR,0
933,1297,364,FAR,0
933,1297,364,FAR,0
933,1302,369,FAR,0
933,1299,366,FAR,0
933,1303,369,FAR,0
933,1302,369,FAR,0
933,1301,368,FAR,0
933,1301,368,FAR,0
933,1301,368,FAR,0
933,890,-44,CLOSE,0
933,1303,370,FAR,0
933,891,-43,CLOSE,0
933,895,-39,CLOSE,0
933,1067,134,FAR,0
933,1362,429,FAR,0
933,890,-44,CLOSE,0
933,1363,430,FAR,0
933,885,-48,CLOSE,0
933,885,-48,CLOSE,0
933,1280,346,FAR,0
933,1362,429,FAR,0
933,898,-35,CLOSE,0
933,1280,347,FAR,0
933,884,-50,CLOSE,0
933,885,-48,CLOSE,0
933,1362,429,FAR,0
933,1362,429,FAR,0
933,1281,348,FAR,0
933,890,-44,CLOSE,0
933,886,-48,CLOSE,0
933,890,-44,CLOSE,0
933,1361,428,FAR,0
933,1362,429,FAR,0
933,1055,122,FAR,0
933,1362,429,FAR,0
933,1362,429,FAR,0
933,1362,429,FAR,0
933,1364,431,FAR,0
933,895,-38,CLOSE,0
933,1363,430,FAR,0
933,1077,144,FAR,0
933,890,-44,CLOSE,0
933,1286,352,FAR,0
933,891,-43,CLOSE,0
933,1364,430,FAR,0
933,1065,132,FAR,0
933,1290,357,FAR,0
933,904,-29,CORRECT,0
933,1290,357,FAR,0
933,1280,347,FAR,0
933,893,-40,CLOSE,0
933,900,-33,CLOSE,0
933,891,-42,CLOSE,0
933,1296,363,FAR,0
933,894,-39,CLOSE,0
933,1363,430,FAR,0
933,891,-42,CLOSE,0
933,1363,430,FAR,0
933,896,-37,CLOSE,0
933,891,-43,CLOSE,0
933,897,-37,CLOSE,0
933,887,-46,CLOSE,0
933,897,-37,CLOSE,0
933,1363,430,FAR,0
933,891,-42,CLOSE,0
933,894,-39,CLOSE,0
933,902,-31,CLOSE,0
933,896,-37,CLOSE,0
933,723,-211,CLOSE,0
933,987,54,FAR,0
933,1049,116,FAR,0
933,717,-216,CLOSE,0
933,887,-46,CLOSE,0
933,717,-216,CLOSE,0
933,713,-221,CLOSE,0
933,701,-232,CLOSE,0
933,702,-231,CLOSE,0
933,705,-228,CLOSE,0
933,709,-224,CLOSE,0
933,705,-228,CLOSE,0
933,875,-58,CLOSE,0
933,874,-59,CLOSE,0
933,877,-56,CLOSE,0
933,870,-63,CLOSE,0
933,1050,116,FAR,0
933,875,-58,CLOSE,0
933,871,-62,CLOSE,0
933,865,-68,CLOSE,0
933,875,-58,CLOSE,0
933,870,-63,CLOSE,0
933,875,-58,CLOSE,0
933,866,-67,CLOSE,0
933,862,-71,CLOSE,0
933,877,-56,CLOSE,0
933,882,-51,CLOSE,0
933,710,-223,CLOSE,0
933,725,-208,CLOSE,0
933,957,23,CORRECT,0
933,932,-1,CORRECT,0
933,986,53,FAR,0
933,941,7,CORRECT,0
933,988,55,FAR,0
933,711,-222,CLOSE,0
933,882,-52,CLOSE,0
933,1052,119,FAR,0
933,1304,371,FAR,0
933,1130,197,FAR,0
933,1130,197,FAR,0
933,1306,373,FAR,0
933,1084,151,FAR,0
933,1363,430,FAR,0
933,910,-23,CORRECT,0
933,914,-19,CORRECT,0
933,921,-12,CORRECT,0
933,918,-16,CORRECT,0
933,926,-7,CORRECT,0
933,905,-28,CORRECT,0
933,1076,143,FAR,0
933,1287,354,FAR,0
933,1287,354,FAR,0
933,1278,345,FAR,0
933,1305,372,FAR,0
933,1305,372,FAR,0
933,1305,372,FAR,0
933,1308,375,FAR,0
933,1282,349,FAR,0
933,1298,365,FAR,0
933,1305,372,FAR,0
933,1124,191,FAR,0
933,1285,352,FAR,0
933,1303,370,FAR,0
933,1108,175,FAR,0
933,1301,368,FAR,0
933,1278,345,FAR,0
933,1280,347,FAR,0
933,1284,350,FAR,0
933,1275,341,FAR,0
933,1282,349,FAR,0
933,1289,356,FAR,0
933,971,38,FAR,0
933,985,51,FAR,0
933,1363,429,FAR,0
933,1035,102,FAR,0
933,872,-61,CLOSE,0
933,873,-60,CLOSE,0
933,870,-63,CLOSE,0
933,871,-62,CLOSE,0
933,872,-61,CLOSE,0
933,869,-64,CLOSE,0
933,868,-65,CLOSE,0
933,871,-62,CLOSE,0
933,867,-67,CLOSE,0
933,866,-67,CLOSE,0
933,867,-67,CLOSE,0
933,866,-67,CLOSE,0
933,867,-67,CLOSE,0
933,869,-64,CLOSE,0
933,866,-67,CLOSE,0
933,864,-69,CLOSE,0
933,872,-61,CLOSE,0
933,861,-73,CLOSE,0
933,872,-61,CLOSE,0
933,861,-73,CLOSE,0
933,872,-61,CLOSE,0
933,871,-62,CLOSE,0
933,872,-61,CLOSE,0
933,871,-62,CLOSE,0
933,867,-67,CLOSE,0
933,868,-66,CLOSE,0
933,876,-58,CLOSE,0
933,871,-62,CLOSE,0
933,1032,99,FAR,0
933,880,-53,CLOSE,0
933,862,-71,CLOSE,0
933,872,-61,CLOSE,0
933,866,-67,CLOSE,0
933,872,-61,CLOSE,0
933,876,-57,CLOSE,0
933,872,-61,CLOSE,0
933,871,-62,CLOSE,0
933,872,-61,CLOSE,0
933,866,-67,CLOSE,0
933,866,-67,CLOSE,0
933,868,-65,CLOSE,0
933,867,-67,CLOSE,0
933,866,-67,CLOSE,0
933,867,-67,CLOSE,0
933,866,-67,CLOSE,0
933,861,-72,CLOSE,0
933,864,-69,CLOSE,0
933,870,-63,CLOSE,0
933,870,-64,CLOSE,0
933,879,-54,CLOSE,0
933,884,-49,CLOSE,0
933,898,-35,CLOSE,0
933,889,-44,CLOSE,0
933,898,-35,CLOSE,0
933,892,-41,CLOSE,0
933,898,-35,CLOSE,0
933,896,-37,CLOSE,0
933,901,-32,CLOSE,0
933,899,-34,CLOSE,0
933,898,-35,CLOSE,0
933,899,-34,CLOSE,0
933,898,-35,CLOSE,0
933,901,-32,CLOSE,0
933,898,-35,CLOSE,0
933,897,-36,CLOSE,0
933,901,-32,CLOSE,0
933,910,-23,CORRECT,0
933,1066,133,FAR,0
933,897,-36,CLOSE,0
933,1363,430,FAR,0
933,897,-36,CLOSE,0
933,1063,130,FAR,0
933,895,-38,CLOSE,0
933,1361,428,FAR,0
933,892,-41,CLOSE,0
933,1367,434,FAR,0
933,894,-39,CLOSE,0
933,897,-36,CLOSE,0
933,894,-39,CLOSE,0
# REFERENCE SAVED 916 mm
916,870,-45,CLOSE,0
916,875,-41,CLOSE,0
916,870,-46,CLOSE,0
916,869,-46,CLOSE,0
916,870,-46,CLOSE,0
916,866,-50,CLOSE,0
916,872,-44,CLOSE,0
916,870,-46,CLOSE,0
916,879,-37,CLOSE,0
916,871,-44,CLOSE,0
916,879,-37,CLOSE,0
916,873,-42,CLOSE,0
916,876,-40,CLOSE,0
916,876,-39,CLOSE,0
916,881,-35,CLOSE,0
916,1051,136,FAR,0
916,878,-37,CLOSE,0
916,871,-45,CLOSE,0
916,881,-35,CLOSE,0
916,875,-41,CLOSE,0
916,879,-37,CLOSE,0
916,882,-34,CLOSE,0
916,879,-37,CLOSE,0
916,883,-32,CLOSE,0
916,879,-37,CLOSE,0
916,884,-32,CLOSE,0
916,874,-42,CLOSE,0
916,884,-32,CLOSE,0
916,987,72,FAR,0
916,1280,364,FAR,0
916,1285,369,FAR,0
916,1285,369,FAR,0
916,1310,394,FAR,0
916,1306,390,FAR,0
916,1302,387,FAR,0
916,975,60,FAR,0
916,1362,447,FAR,0
916,1313,397,FAR,0
916,1364,448,FAR,0
916,1278,362,FAR,0
916,1279,364,FAR,0
916,1279,364,FAR,0
916,1105,190,FAR,0
916,1285,369,FAR,0
916,1364,448,FAR,0
916,1302,387,FAR,0
916,1283,368,FAR,0
916,979,64,FAR,0
916,939,23,CORRECT,0
916,780,-136,CLOSE,0
916,970,55,FAR,0
916,960,44,FAR,0
916,795,-121,CLOSE,0
916,1281,365,FAR,0
916,1273,357,FAR,0
916,1308,392,FAR,0
916,1310,394,FAR,0
916,1308,392,FAR,0
916,970,55,FAR,0
916,1302,387,FAR,0
916,1308,392,FAR,0
916,987,72,FAR,0
916,1106,190,FAR,0
916,1291,375,FAR,0
916,1282,366,FAR,0
916,976,60,FAR,0
916,1102,187,FAR,0
916,1280,364,FAR,0
916,970,55,FAR,0
916,1304,389,FAR,0
916,1023,107,FAR,0
916,1362,447,FAR,0
916,1362,446,FAR,0
916,1035,120,FAR,0
916,1299,383,FAR,0
916,1362,447,FAR,0
916,1000,84,FAR,0
916,1362,447,FAR,0
916,1124,208,FAR,0
916,1298,382,FAR,0
916,1364,448,FAR,0
916,1282,366,FAR,0
916,1287,371,FAR,0
916,1287,371,FAR,0
916,996,81,FAR,0
916,1276,361,FAR,0
916,1282,366,FAR,0
916,1285,370,FAR,0
916,979,63,FAR,0
916,1280,364,FAR,0
916,1280,364,FAR,0
916,1291,375,FAR,0
916,1285,370,FAR,0
916,1106,191,FAR,0
916,942,27,CORRECT,0
916,1120,204,FAR,0
# REFERENCE SAVED 1282 mm
1282,1282,0,CORRECT,0
1282,1287,5,CORRECT,0
1282,1103,-179,CLOSE,0
1282,1272,-10,CORRECT,0
1282,1276,-5,CORRECT,0
1282,1364,82,FAR,0
1282,1276,-5,CORRECT,0
1282,1278,-3,CORRECT,0
1282,1294,13,CORRECT,0
1282,1364,82,FAR,0
1282,1363,82,FAR,0
1282,1125,-156,CLOSE,0
1282,1104,-177,CLOSE,0
1282,1278,-3,CORRECT,0
1282,983,-299,CLOSE,0
1282,1275,-6,CORRECT,0
1282,1364,82,FAR,0
1282,1285,4,CORRECT,0
1282,1112,-169,CLOSE,0
1282,987,-294,CLOSE,0
1282,1291,9,CORRECT,0
1282,988,-293,CLOSE,0
1282,1361,79,FAR,0
1282,989,-292,CLOSE,0
1282,1300,18,CORRECT,0
1282,1362,81,FAR,0
1282,987,-294,CLOSE,0
1282,1290,8,CORRECT,0
1282,983,-299,CLOSE,0
1282,988,-294,CLOSE,0
1282,1294,13,CORRECT,0
1282,1123,-159,CLOSE,0
1282,1297,15,CORRECT,0
1282,1363,81,FAR,0
1282,996,-286,CLOSE,0
1282,1306,24,CORRECT,0
1282,1280,-2,CORRECT,0
1282,1123,-158,CLOSE,0
1282,1298,17,CORRECT,0
1282,1303,22,CORRECT,0
1282,1299,17,CORRECT,0
1282,1111,-170,CLOSE,0
1282,1306,24,CORRECT,0
1282,1302,20,CORRECT,0
1282,1302,20,CORRECT,0
1282,1108,-174,CLOSE,0
1282,1302,20,CORRECT,0
1282,1366,84,FAR,0
1282,1280,-2,CORRECT,0
1282,987,-295,CLOSE,0
1282,1103,-179,CLOSE,0
1282,1303,21,CORRECT,0
1282,1283,2,CORRECT,0
1282,1314,32,CORRECT,0
1282,1101,-181,CLOSE,0
1282,1281,-1,CORRECT,0
1282,1276,-5,CORRECT,0
1282,985,-297,CLOSE,0
1282,1285,3,CORRECT,0
1282,1285,3,CORRECT,0
1282,1286,4,CORRECT,0
1282,1299,18,CORRECT,0
1282,1110,-172,CLOSE,0
1282,1111,-170,CLOSE,0
1282,1108,-174,CLOSE,0
1282,1304,22,CORRECT,0
1282,1129,-153,CLOSE,0
1282,1106,-175,CLOSE,0
1282,1299,18,CORRECT,0
1282,1127,-155,CLOSE,0
1282,1290,8,CORRECT,0
1282,1284,2,CORRECT,0
1282,1134,-148,CLOSE,0
1282,1127,-154,CLOSE,0
1282,1301,20,CORRECT,0
1282,1302,20,CORRECT,0
1282,1296,14,CORRECT,0
1282,1299,18,CORRECT,0
1282,1304,23,CORRECT,0
1282,1128,-153,CLOSE,0
1282,1303,22,CORRECT,0
1282,978,-303,CLOSE,0
1282,1102,-179,CLOSE,0
1282,1295,14,CORRECT,0
1282,1283,1,CORRECT,0
1282,1110,-171,CLOSE,0
1282,1279,-3,CORRECT,0
1282,1282,0,CORRECT,0
1282,1283,2,CORRECT,0
1282,1281,-0,CORRECT,0
1282,1134,-148,CLOSE,0
1282,1303,22,CORRECT,0
1282,1112,-170,CLOSE,0
1282,1106,-176,CLOSE,0
1282,1308,26,CORRECT,0
1282,1304,23,CORRECT,0
1282,1363,82,FAR,0
1282,1303,21,CORRECT,0
1282,1126,-156,CLOSE,0
1282,1106,-176,CLOSE,0
1282,1287,5,CORRECT,0
1282,1128,-154,CLOSE,0
1282,1304,22,CORRECT,0
1282,1364,82,FAR,0
1282,1281,-1,CORRECT,0
1282,1364,83,FAR,0
1282,1105,-177,CLOSE,0
1282,1363,81,FAR,0
1282,1107,-175,CLOSE,0
1282,1284,2,CORRECT,0
1282,976,-306,CLOSE,0
1282,1309,27,CORRECT,0
1282,1301,19,CORRECT,0
1282,1364,82,FAR,0
1282,1280,-2,CORRECT,0
1282,1362,81,FAR,0
1282,1364,82,FAR,0
1282,1281,-1,CORRECT,0
1282,1281,-0,CORRECT,0
1282,1294,12,CORRECT,0
1282,1285,3,CORRECT,0
1282,1111,-171,CLOSE,0
1282,1116,-165,CLOSE,0
1282,1105,-176,CLOSE,0
1282,1277,-5,CORRECT,0
1282,1283,1,CORRECT,0
1282,1362,80,FAR,0
1282,1279,-2,CORRECT,0
1282,1271,-11,CORRECT,0
1282,1282,0,CORRECT,0
1282,1116,-165,CLOSE,0
1282,1279,-3,CORRECT,0
1282,1290,8,CORRECT,0
1282,1115,-167,CLOSE,0
1282,1280,-1,CORRECT,0
1282,1285,3,CORRECT,0
1282,984,-297,CLOSE,0
1282,1289,8,CORRECT,0
1282,1279,-2,CORRECT,0
1282,990,-292,CLOSE,0
1282,1286,4,CORRECT,0
1282,1103,-178,CLOSE,0
1282,1280,-1,CORRECT,0
1282,1285,3,CORRECT,0
1282,1114,-168,CLOSE,0
1282,1289,8,CORRECT,0
1282,1290,8,CORRECT,0
1282,1112,-170,CLOSE,0
1282,1361,80,FAR,0
1282,1281,-1,CORRECT,0
1282,1279,-2,CORRECT,0
1282,1362,81,FAR,0
1282,1116,-166,CLOSE,0
1282,1303,22,CORRECT,0
1282,1292,10,CORRECT,0
1282,1285,3,CORRECT,0
1282,993,-289,CLOSE,0
1282,1117,-165,CLOSE,0
1282,1281,-0,CORRECT,0
1282,1308,26,CORRECT,0
1282,1286,5,CORRECT,0
1282,1308,26,CORRECT,0
1282,1116,-165,CLOSE,0
1282,1286,4,CORRECT,0
1282,1274,-7,CORRECT,0
1282,1278,-4,CORRECT,0
1282,1113,-169,CLOSE,0
1282,1107,-174,CLOSE,0
1282,1116,-165,CLOSE,0
1282,1307,25,CORRECT,0
1282,1289,7,CORRECT,0
1282,1135,-147,CLOSE,0
1282,1305,23,CORRECT,0
1282,1308,26,CORRECT,0
1282,1310,28,CORRECT,0
1282,1304,23,CORRECT,0
1282,1304,23,CORRECT,0
1282,1116,-165,CLOSE,0
1282,1116,-165,CLOSE,0
1282,1136,-146,CLOSE,0
1282,1305,24,CORRECT,0
1282,1140,-141,CLOSE,0
1282,1131,-151,CLOSE,0
1282,1132,-150,CLOSE,0
1282,1116,-165,CLOSE,0
1282,1282,0,CORRECT,0
1282,1290,8,CORRECT,0
1282,1282,0,CORRECT,0
1282,1288,7,CORRECT,0
1282,1141,-141,CLOSE,0
1282,1112,-170,CLOSE,0
1282,1139,-143,CLOSE,0
1282,1112,-170,CLOSE,0
1282,1285,4,CORRECT,0
1282,1306,24,CORRECT,0
1282,1283,2,CORRECT,0
1282,1285,4,CORRECT,0
1282,1285,4,CORRECT,0
1282,1141,-141,CLOSE,0
1282,979,-303,CLOSE,0
1282,1117,-165,CLOSE,0
1282,1136,-146,CLOSE,0
1282,1285,4,CORRECT,0
1282,1291,9,CORRECT,0
1282,1107,-174,CLOSE,0
1282,1132,-149,CLOSE,0
1282,1306,24,CORRECT,0
1282,1130,-152,CLOSE,0
1282,989,-293,CLOSE,0
1282,1287,5,CORRECT,0
1282,1294,13,CORRECT,0
1282,1105,-176,CLOSE,0
1282,1282,1,CORRECT,0
1282,1282,0,CORRECT,0
1282,1287,5,CORRECT,0
1282,1108,-174,CLOSE,0
1282,1283,1,CORRECT,0
1282,1289,7,CORRECT,0
1282,1117,-164,CLOSE,0
1282,1283,1,CORRECT,0
1282,1109,-173,CLOSE,0
1282,1134,-147,CLOSE,0
1282,1134,-147,CLOSE,0
1282,984,-298,CLOSE,0
1282,1278,-3,CORRECT,0
1282,986,-296,CLOSE,0
1282,1112,-170,CLOSE,0
1282,1282,0,CORRECT,0
1282,1109,-173,CLOSE,0
1282,1131,-150,CLOSE,0
1282,1282,0,CORRECT,0
1282,1130,-152,CLOSE,0
1282,1113,-168,CLOSE,0
1282,1285,4,CORRECT,0
1282,1291,9,CORRECT,0
1282,1125,-157,CLOSE,0
1282,1282,1,CORRECT,0
1282,1285,4,CORRECT,0
1282,1127,-155,CLOSE,0
1282,1286,4,CORRECT,0
1282,988,-294,CLOSE,0
1282,1286,4,CORRECT,0
1282,1284,2,CORRECT,0
1282,986,-296,CLOSE,0
1282,1101,-181,CLOSE,0
1282,1111,-171,CLOSE,0
1282,991,-291,CLOSE,0
1282,1280,-2,CORRECT,0
1282,1114,-168,CLOSE,0
1282,1287,6,CORRECT,0
1282,1311,30,CORRECT,0
1282,1297,15,CORRECT,0
1282,1281,-0,CORRECT,0
1282,1281,-0,CORRECT,0
1282,992,-289,CLOSE,0
1282,1285,4,CORRECT,0
1282,1290,8,CORRECT,0
1282,1280,-2,CORRECT,0
1282,987,-294,CLOSE,0
1282,1302,20,CORRECT,0
1282,1286,5,CORRECT,0
1282,1285,3,CORRECT,0
1282,1282,0,CORRECT,0
1282,1280,-2,CORRECT,0
1282,1364,82,FAR,0
1282,1363,82,FAR,0
1282,1282,0,CORRECT,0
1282,1294,12,CORRECT,0
1282,1364,82,FAR,0
1282,1285,4,CORRECT,0
1282,1364,82,FAR,0
1282,984,-298,CLOSE,0
1282,1281,-1,CORRECT,0
1282,1116,-165,CLOSE,0
1282,1288,6,CORRECT,0
# REFERENCE SAVED 1287 mm
1287,1285,-2,CORRECT,0
1287,1119,-168,CLOSE,0
1287,1274,-13,CORRECT,0
1287,1296,9,CORRECT,0
1287,1102,-185,CLOSE,0
1287,1106,-181,CLOSE,0
1287,1292,5,CORRECT,0
1287,1107,-180,CLOSE,0
1287,1364,77,FAR,0
1287,1303,16,CORRECT,0
1287,987,-300,CLOSE,0
1287,1281,-6,CORRECT,0
1287,1276,-11,CORRECT,0
1287,1301,14,CORRECT,0
1287,1282,-5,CORRECT,0
1287,990,-297,CLOSE,0
1287,984,-303,CLOSE,0
1287,1285,-2,CORRECT,0
1287,1289,2,CORRECT,0
1287,1284,-3,CORRECT,0
1287,986,-301,CLOSE,0
1287,1281,-6,CORRECT,0
1287,985,-302,CLOSE,0
1287,1364,77,FAR,0
1287,1282,-5,CORRECT,0
1287,1284,-3,CORRECT,0
1287,985,-302,CLOSE,0
1287,1360,73,FAR,0
1287,974,-313,CLOSE,0
1287,1300,14,CORRECT,0
1287,1131,-156,CLOSE,0
1287,1304,17,CORRECT,0
1287,1303,16,CORRECT,0
1287,1301,14,CORRECT,0
1287,1299,12,CORRECT,0
1287,976,-311,CLOSE,0
1287,1286,-1,CORRECT,0
1287,1364,77,FAR,0
1287,975,-312,CLOSE,0
1287,975,-312,CLOSE,0
1287,1280,-7,CORRECT,0
1287,974,-312,CLOSE,0
1287,938,-349,CLOSE,0
1287,1281,-6,CORRECT,0
1287,976,-311,CLOSE,0
1287,1363,76,FAR,0
1287,1285,-2,CORRECT,0
1287,993,-294,CLOSE,0
1287,1102,-185,CLOSE,0
1287,993,-294,CLOSE,0
1287,1280,-7,CORRECT,0
1287,1299,12,CORRECT,0
1287,1110,-177,CLOSE,0
1287,993,-294,CLOSE,0
1287,1285,-2,CORRECT,0
1287,1281,-5,CORRECT,0
1287,1126,-161,CLOSE,0
1287,996,-291,CLOSE,0
1287,1281,-6,CORRECT,0
1287,1290,3,CORRECT,0
1287,993,-294,CLOSE,0
1287,1363,76,FAR,0
1287,1283,-4,CORRECT,0
1287,1364,77,FAR,0
1287,973,-314,CLOSE,0
1287,1363,76,FAR,0
1287,1364,77,FAR,0
1287,1281,-6,CORRECT,0
1287,991,-295,CLOSE,0
1287,1363,76,FAR,0
1287,1119,-168,CLOSE,0
1287,1111,-176,CLOSE,0
1287,996,-291,CLOSE,0
1287,1095,-192,CLOSE,0
1287,993,-294,CLOSE,0
1287,1284,-3,CORRECT,0
1287,1087,-200,CLOSE,0
1287,984,-303,CLOSE,0
1287,1285,-2,CORRECT,0
1287,974,-312,CLOSE,0
1287,989,-298,CLOSE,0
1287,1091,-196,CLOSE,0
1287,1304,17,CORRECT,0
1287,1285,-2,CORRECT,0
1287,1363,76,FAR,0
1287,1295,8,CORRECT,0
1287,1286,-1,CORRECT,0
1287,1099,-188,CLOSE,0
1287,1284,-3,CORRECT,0
1287,1299,12,CORRECT,0
1287,1361,74,FAR,0
1287,1290,3,CORRECT,0
1287,1278,-9,CORRECT,0
1287,1287,-0,CORRECT,0
1287,1290,3,CORRECT,0
1287,1111,-176,CLOSE,0
1287,1363,76,FAR,0
1287,1301,14,CORRECT,0
1287,1359,72,FAR,0
1287,1285,-2,CORRECT,0
1287,1107,-180,CLOSE,0
1287,1279,-8,CORRECT,0
1287,1364,77,FAR,0
1287,998,-289,CLOSE,0
1287,994,-293,CLOSE,0
1287,1069,-218,CLOSE,0
1287,1136,-151,CLOSE,0
1287,1306,19,CORRECT,0
1287,1126,-161,CLOSE,0
1287,1134,-153,CLOSE,0
1287,1132,-155,CLOSE,0
1287,1365,78,FAR,0
1287,1366,79,FAR,0
1287,1362,75,FAR,0
1287,1366,79,FAR,0
1287,1366,79,FAR,0
1287,1366,79,FAR,0
1287,1362,75,FAR,0
1287,88,-1199,CLOSE,0
1287,69,-1218,CLOSE,0
1287,1367,80,FAR,0
1287,1366,79,FAR,0
1287,1367,80,FAR,0
1287,91,-1196,CLOSE,0
1287,79,-1208,CLOSE,0
1287,575,-712,CLOSE,0
1287,102,-1185,CLOSE,0
1287,88,-1199,CLOSE,0
1287,472,-814,CLOSE,0
1287,476,-811,CLOSE,0
1287,573,-713,CLOSE,0
1287,109,-1178,CLOSE,0
1287,1137,-150,CLOSE,0
1287,1133,-154,CLOSE,0
1287,1137,-150,CLOSE,0
1287,1361,74,FAR,0
1287,1132,-155,CLOSE,0
1287,1143,-144,CLOSE,0
1287,1132,-155,CLOSE,0
1287,1277,-10,CORRECT,0
1287,1362,75,FAR,0
1287,1104,-183,CLOSE,0
1287,1362,75,FAR,0
1287,1102,-185,CLOSE,0
1287,1367,80,FAR,0
1287,1101,-186,CLOSE,0
1287,1272,-15,CORRECT,0
1287,1362,75,FAR,0
1287,1275,-12,CORRECT,0
1287,1289,2,CORRECT,0
1287,1362,75,FAR,0
1287,1144,-143,CLOSE,0
1287,1148,-139,CLOSE,0
1287,1364,77,FAR,0
1287,1366,79,FAR,0
1287,1310,23,CORRECT,0
1287,1139,-148,CLOSE,0
1287,1363,76,FAR,0
1287,1143,-144,CLOSE,0
1287,1138,-149,CLOSE,0
1287,1308,21,CORRECT,0
1287,1129,-157,CLOSE,0
1287,1312,25,CORRECT,0
1287,1172,-115,CLOSE,0
1287,1309,22,CORRECT,0
1287,1299,12,CORRECT,0
1287,1366,79,FAR,0
1287,642,-645,CLOSE,0
1287,896,-391,CLOSE,0
1287,731,-555,CLOSE,0
1287,790,-497,CLOSE,0
1287,575,-712,CLOSE,0
1287,1288,1,CORRECT,0
1287,1119,-168,CLOSE,0
1287,1312,25,CORRECT,0
1287,1109,-178,CLOSE,0
1287,1312,25,CORRECT,0
1287,1135,-152,CLOSE,0
1287,919,-368,CLOSE,0
1287,900,-387,CLOSE,0
1287,896,-391,CLOSE,0
1287,886,-401,CLOSE,0
1287,1058,-229,CLOSE,0
1287,884,-403,CLOSE,0
1287,889,-398,CLOSE,0
1287,877,-410,CLOSE,0
1287,1037,-250,CLOSE,0
1287,1037,-250,CLOSE,0
1287,1039,-248,CLOSE,0
1287,1037,-250,CLOSE,0
1287,1030,-257,CLOSE,0
1287,1032,-255,CLOSE,0
1287,1039,-248,CLOSE,0
1287,1037,-250,CLOSE,0
1287,1037,-250,CLOSE,0
1287,1035,-252,CLOSE,0
1287,1034,-253,CLOSE,0
1287,1035,-252,CLOSE,0
1287,1035,-252,CLOSE,0
1287,1040,-247,CLOSE,0
1287,1033,-254,CLOSE,0
1287,1035,-252,CLOSE,0
1287,1031,-256,CLOSE,0
1287,1040,-247,CLOSE,0
1287,1042,-245,CLOSE,0
1287,873,-414,CLOSE,0
1287,869,-418,CLOSE,0
1287,882,-405,CLOSE,0
1287,872,-415,CLOSE,0
1287,1042,-245,CLOSE,0
1287,874,-413,CLOSE,0
1287,870,-417,CLOSE,0
1287,700,-587,CLOSE,0
1287,696,-591,CLOSE,0
1287,862,-425,CLOSE,0
1287,868,-419,CLOSE,0
1287,869,-418,CLOSE,0
1287,868,-419,CLOSE,0
1287,869,-418,CLOSE,0
1287,868,-419,CLOSE,0
1287,878,-409,CLOSE,0
1287,882,-405,CLOSE,0
1287,914,-373,CLOSE,0
1287,879,-408,CLOSE,0
1287,883,-404,CLOSE,0
1287,884,-403,CLOSE,0
1287,876,-411,CLOSE,0
1287,888,-399,CLOSE,0
1287,871,-416,CLOSE,0
1287,875,-412,CLOSE,0
1287,876,-411,CLOSE,0
1287,881,-406,CLOSE,0
1287,878,-409,CLOSE,0
1287,881,-406,CLOSE,0
1287,875,-412,CLOSE,0
1287,879,-408,CLOSE,0
1287,869,-418,CLOSE,0
1287,874,-413,CLOSE,0
1287,879,-408,CLOSE,0
1287,874,-413,CLOSE,0
1287,875,-412,CLOSE,0
1287,874,-413,CLOSE,0
1287,871,-416,CLOSE,0
1287,879,-408,CLOSE,0
1287,874,-412,CLOSE,0
1287,877,-410,CLOSE,0
1287,871,-416,CLOSE,0
1287,877,-410,CLOSE,0
1287,873,-414,CLOSE,0
1287,868,-419,CLOSE,0
1287,868,-419,CLOSE,0
1287,874,-413,CLOSE,0
1287,873,-414,CLOSE,0
1287,1039,-248,CLOSE,0
1287,1037,-250,CLOSE,0
1287,870,-417,CLOSE,0
1287,864,-423,CLOSE,0
1287,868,-419,CLOSE,0
1287,864,-423,CLOSE,0
1287,868,-419,CLOSE,0
1287,869,-418,CLOSE,0
1287,1033,-253,CLOSE,0
1287,1034,-253,CLOSE,0
1287,1035,-252,CLOSE,0
1287,1043,-244,CLOSE,0
1287,1034,-253,CLOSE,0
1287,1033,-254,CLOSE,0
1287,1033,-253,CLOSE,0
1287,1033,-254,CLOSE,0
1287,1035,-252,CLOSE,0
1287,1038,-249,CLOSE,0
1287,1035,-252,CLOSE,0
1287,1037,-250,CLOSE,0
1287,1033,-253,CLOSE,0
1287,871,-416,CLOSE,0
1287,868,-418,CLOSE,0
1287,861,-426,CLOSE,0
1287,870,-417,CLOSE,0
1287,862,-424,CLOSE,0
1287,870,-417,CLOSE,0
1287,868,-419,CLOSE,0
1287,866,-421,CLOSE,0
1287,866,-421,CLOSE,0
1287,865,-422,CLOSE,0
1287,873,-414,CLOSE,0
1287,870,-417,CLOSE,0
1287,1037,-250,CLOSE,0
1287,1039,-248,CLOSE,0
1287,1036,-251,CLOSE,0
1287,1037,-250,CLOSE,0
1287,1037,-250,CLOSE,0
1287,1034,-253,CLOSE,0
1287,1040,-246,CLOSE,0
1287,1030,-257,CLOSE,0
1287,1030,-257,CLOSE,0
1287,1032,-255,CLOSE,0
1287,1037,-250,CLOSE,0
1287,1030,-257,CLOSE,0
1287,1030,-257,CLOSE,0
1287,1035,-252,CLOSE,0
1287,1033,-254,CLOSE,0
1287,1033,-253,CLOSE,0
1287,1032,-255,CLOSE,0
1287,1033,-254,CLOSE,0
1287,1032,-255,CLOSE,0
1287,1034,-253,CLOSE,0
1287,1034,-253,CLOSE,0
1287,1033,-254,CLOSE,0
1287,1031,-256,CLOSE,0
1287,1033,-253,CLOSE,0
1287,1363,76,FAR,0
1287,1362,75,FAR,0
1287,1033,-253,CLOSE,0
1287,1032,-255,CLOSE,0
1287,1035,-252,CLOSE,0
1287,1035,-252,CLOSE,0
1287,1033,-253,CLOSE,0
1287,1035,-252,CLOSE,0
1287,1034,-253,CLOSE,0
1287,1035,-252,CLOSE,0
1287,1030,-257,CLOSE,0
1287,1033,-254,CLOSE,0
1287,1033,-253,CLOSE,0
1287,1361,74,FAR,0
1287,1033,-254,CLOSE,0
1287,1362,75,FAR,0
1287,1035,-252,CLOSE,0
1287,1363,76,FAR,0
1287,1033,-254,CLOSE,0
1287,1033,-254,CLOSE,0
1287,1033,-253,CLOSE,0
1287,1367,80,FAR,0
1287,1033,-254,CLOSE,0
1287,1367,80,FAR,0
1287,1031,-256,CLOSE,0
1287,1033,-254,CLOSE,0
1287,1362,75,FAR,0
1287,1362,75,FAR,0
1287,1033,-253,CLOSE,0
1287,1367,80,FAR,0
1287,1033,-254,CLOSE,0
1287,1363,76,FAR,0
1287,1030,-257,CLOSE,0
1287,1037,-250,CLOSE,0
1287,1033,-253,CLOSE,0
1287,1032,-255,CLOSE,0
1287,1033,-253,CLOSE,0
1287,1033,-254,CLOSE,0
1287,1362,75,FAR,0
1287,1033,-254,CLOSE,0
1287,1032,-255,CLOSE,0
1287,1035,-252,CLOSE,0
1287,1033,-254,CLOSE,0
1287,1033,-253,CLOSE,0
1287,1035,-252,CLOSE,0
1287,1033,-253,CLOSE,0
1287,1035,-252,CLOSE,0
1287,1033,-253,CLOSE,0
1287,1033,-253,CLOSE,0
1287,1033,-253,CLOSE,0
1287,1034,-253,CLOSE,0
1287,1033,-253,CLOSE,0
1287,1032,-255,CLOSE,0
1287,1035,-252,CLOSE,0
1287,1030,-257,CLOSE,0
1287,1035,-252,CLOSE,0
1287,1032,-255,CLOSE,0
1287,1033,-253,CLOSE,0
1287,1033,-254,CLOSE,0
1287,1033,-253,CLOSE,0
1287,1034,-253,CLOSE,0
1287,1033,-253,CLOSE,0
1287,1033,-254,CLOSE,0
1287,1033,-253,CLOSE,0
1287,1033,-254,CLOSE,0
1287,1035,-252,CLOSE,0
1287,1037,-250,CLOSE,0
1287,1035,-252,CLOSE,0
1287,1033,-254,CLOSE,0
1287,1033,-253,CLOSE,0
1287,1033,-254,CLOSE,0
1287,1033,-253,CLOSE,0
1287,1032,-255,CLOSE,0
1287,1034,-253,CLOSE,0
1287,1034,-253,CLOSE,0
1287,1033,-253,CLOSE,0
1287,1035,-252,CLOSE,0
1287,1035,-252,CLOSE,0
1287,1035,-252,CLOSE,0
1287,1362,75,FAR,0
1287,1035,-252,CLOSE,0
1287,1035,-252,CLOSE,0
1287,1035,-252,CLOSE,0
1287,1033,-254,CLOSE,0
1287,1364,77,FAR,0
1287,1362,75,FAR,0
1287,1033,-253,CLOSE,0
1287,1033,-254,CLOSE,0
1287,1035,-252,CLOSE,0
1287,1032,-255,CLOSE,0
1287,1035,-252,CLOSE,0
1287,1032,-255,CLOSE,0
1287,1035,-252,CLOSE,0
1287,1034,-253,CLOSE,0
1287,1035,-252,CLOSE,0
1287,1363,76,FAR,0
1287,1364,77,FAR,0
1287,1035,-252,CLOSE,0
1287,1035,-252,CLOSE,0
1287,1035,-252,CLOSE,0
1287,1362,75,FAR,0
1287,1033,-254,CLOSE,0
1287,1035,-252,CLOSE,0
1287,1033,-253,CLOSE,0
1287,1363,76,FAR,0
1287,1035,-252,CLOSE,0
1287,1035,-252,CLOSE,0
1287,1035,-252,CLOSE,0
1287,1033,-254,CLOSE,0
1287,1032,-255,CLOSE,0
1287,1035,-252,CLOSE,0
1287,1033,-253,CLOSE,0
1287,1032,-255,CLOSE,0
1287,1032,-255,CLOSE,0
1287,1032,-255,CLOSE,0
1287,1034,-253,CLOSE,0
1287,1033,-254,CLOSE,0
1287,1035,-252,CLOSE,0
1287,1033,-254,CLOSE,0
1287,1035,-252,CLOSE,0
1287,1030,-257,CLOSE,0
1287,1035,-252,CLOSE,0
1287,1035,-252,CLOSE,0
1287,1035,-252,CLOSE,0
1287,1030,-257,CLOSE,0
1287,1034,-253,CLOSE,0
1287,1363,76,FAR,0
1287,1033,-254,CLOSE,0
1287,1035,-252,CLOSE,0
1287,1039,-248,CLOSE,0
1287,1035,-252,CLOSE,0
1287,1035,-252,CLOSE,0
1287,1033,-254,CLOSE,0
1287,1033,-253,CLOSE,0
1287,1032,-255,CLOSE,0
1287,1035,-252,CLOSE,0
1287,1033,-253,CLOSE,0
1287,1033,-253,CLOSE,0
1287,1363,76,FAR,0
1287,1031,-256,CLOSE,0
1287,1034,-253,CLOSE,0
1287,1033,-253,CLOSE,0
1287,1035,-252,CLOSE,0
1287,1033,-253,CLOSE,0
1287,1363,76,FAR,0
1287,1030,-257,CLOSE,0
1287,1031,-256,CLOSE,0
1287,1035,-252,CLOSE,0
1287,1033,-254,CLOSE,0
1287,1033,-254,CLOSE,0
1287,1032,-255,CLOSE,0
1287,1033,-253,CLOSE,0
1287,1035,-252,CLOSE,0
1287,1032,-255,CLOSE,0
1287,1035,-252,CLOSE,0
1287,1035,-252,CLOSE,0
1287,1041,-246,CLOSE,0
1287,1035,-252,CLOSE,0
1287,1035,-252,CLOSE,0
1287,1035,-252,CLOSE,0
1287,1035,-252,CLOSE,0
1287,1035,-252,CLOSE,0
1287,1031,-256,CLOSE,0
1287,1033,-254,CLOSE,0
1287,1033,-254,CLOSE,0
1287,1033,-254,CLOSE,0
1287,1032,-255,CLOSE,0
1287,1035,-252,CLOSE,0
1287,1032,-255,CLOSE,0
1287,1035,-252,CLOSE,0
1287,1033,-253,CLOSE,0
1287,1035,-252,CLOSE,0
1287,1362,75,FAR,0
1287,1033,-254,CLOSE,0
1287,1035,-252,CLOSE,0
1287,1035,-252,CLOSE,0
1287,1035,-252,CLOSE,0
1287,1035,-252,CLOSE,0
1287,1363,76,FAR,0
1287,1033,-254,CLOSE,0
1287,1032,-255,CLOSE,0
1287,1032,-255,CLOSE,0
1287,1034,-253,CLOSE,0
1287,1362,75,FAR,0
1287,1362,75,FAR,0
1287,1035,-252,CLOSE,0
# REFERENCE SAVED 1034 mm
1034,1035,2,CORRECT,0
1034,1036,3,CORRECT,0
1034,1034,1,CORRECT,0
1034,1040,7,CORRECT,0
1034,1034,0,CORRECT,0
1034,1033,-0,CORRECT,0
1034,1035,2,CORRECT,0
1034,1035,2,CORRECT,0
1034,1035,2,CORRECT,0
1034,1035,2,CORRECT,0
1034,1035,2,CORRECT,0
1034,1035,2,CORRECT,0
1034,1035,2,CORRECT,0
1034,1035,2,CORRECT,0
1034,1035,2,CORRECT,0
1034,1034,0,CORRECT,0
1034,1035,2,CORRECT,0
1034,1035,2,CORRECT,0
1034,1035,2,CORRECT,0
1034,1035,2,CORRECT,0
1034,1035,2,CORRECT,0
1034,1035,2,CORRECT,0
1034,1037,3,CORRECT,0
1034,1037,3,CORRECT,0
1034,1037,3,CORRECT,0
1034,1032,-1,CORRECT,0
1034,1032,-1,CORRECT,0
1034,1037,3,CORRECT,0
1034,1032,-1,CORRECT,0
1034,1032,-1,CORRECT,0
1034,1032,-1,CORRECT,0
1034,1032,-1,CORRECT,0
1034,1032,-1,CORRECT,0
1034,1035,2,CORRECT,0
1034,1035,2,CORRECT,0
1034,1035,2,CORRECT,0
1034,1035,2,CORRECT,0
1034,1362,328,FAR,0
1034,1362,328,FAR,0
1034,1035,2,CORRECT,0
1034,1036,2,CORRECT,0
1034,1030,-3,CORRECT,0
1034,1041,7,CORRECT,0
1034,1035,2,CORRECT,0
1034,1033,-0,CORRECT,0
1034,1034,0,CORRECT,0
1034,1034,0,CORRECT,0
1034,1035,2,CORRECT,0
1034,1035,2,CORRECT,0
1034,1035,2,CORRECT,0
1034,1035,2,CORRECT,0
1034,1035,2,CORRECT,0
1034,1035,2,CORRECT,0
1034,1033,-0,CORRECT,0
1034,1035,2,CORRECT,0
1034,1033,-0,CORRECT,0
1034,1033,-0,CORRECT,0
1034,1035,2,CORRECT,0
1034,1035,2,CORRECT,0
1034,1035,2,CORRECT,0
1034,1033,-0,CORRECT,0
1034,1035,2,CORRECT,0
1034,1033,-0,CORRECT,0
1034,1035,2,CORRECT,0
1034,1035,2,CORRECT,0
1034,1035,2,CORRECT,0
1034,1033,-0,CORRECT,0
1034,1034,0,CORRECT,0
1034,1035,2,CORRECT,0
1034,1035,2,CORRECT,0
1034,1035,2,CORRECT,0
1034,1035,2,CORRECT,0
1034,1035,2,CORRECT,0
1034,1035,2,CORRECT,0
1034,1035,2,CORRECT,0
1034,1035,2,CORRECT,0
1034,1035,2,CORRECT,0
1034,1035,2,CORRECT,0
1034,1035,2,CORRECT,0
1034,1035,2,CORRECT,0
1034,1035,2,CORRECT,0
1034,1035,2,CORRECT,0
1034,1035,2,CORRECT,0
1034,1033,-0,CORRECT,0
1034,1035,2,CORRECT,0
1034,1035,2,CORRECT,0
1034,1035,2,CORRECT,0
1034,1035,2,CORRECT,0
1034,1035,2,CORRECT,0
1034,1035,2,CORRECT,0
1034,1035,2,CORRECT,0
1034,1035,2,CORRECT,0
1034,1035,2,CORRECT,0
1034,1035,2,CORRECT,0
1034,1035,2,CORRECT,0
1034,1035,2,CORRECT,0
1034,1035,2,CORRECT,0
1034,1035,2,CORRECT,0
1034,1037,3,CORRECT,0
1034,1035,2,CORRECT,0
1034,1035,2,CORRECT,0
1034,1035,2,CORRECT,0
1034,1035,2,CORRECT,0
1034,1035,2,CORRECT,0
1034,1364,330,FAR,0
1034,1362,329,FAR,0
1034,1035,2,CORRECT,0
1034,1039,6,CORRECT,0
1034,1029,-5,CORRECT,0
1034,1035,2,CORRECT,0
1034,1033,-0,CORRECT,0
1034,1035,2,CORRECT,0
1034,1035,2,CORRECT,0
1034,1030,-4,CORRECT,0
1034,1035,2,CORRECT,0
1034,1364,330,FAR,0
1034,1031,-3,CORRECT,0
1034,1039,6,CORRECT,0
1034,1362,329,FAR,0
1034,1030,-4,CORRECT,0
1034,1362,329,FAR,0
1034,1035,1,CORRECT,0
1034,1362,329,FAR,0
1034,1035,1,CORRECT,0
1034,1030,-3,CORRECT,0
1034,1361,327,FAR,0
1034,1033,-1,CORRECT,0
1034,1363,329,FAR,0
1034,1035,1,CORRECT,0
1034,1362,329,FAR,0
1034,1035,1,CORRECT,0
1034,1363,329,FAR,0
1034,1035,1,CORRECT,0
1034,1027,-7,CORRECT,0
1034,1363,329,FAR,0
1034,1035,1,CORRECT,0
1034,1363,329,FAR,0
1034,1032,-2,CORRECT,0
1034,1363,329,FAR,0
1034,1035,1,CORRECT,0
1034,1368,334,FAR,0
1034,1033,-1,CORRECT,0
1034,1038,4,CORRECT,0
1034,1034,1,CORRECT,0
1034,1033,-0,CORRECT,0
1034,1033,-0,CORRECT,0
1034,1033,-0,CORRECT,0
1034,1033,-0,CORRECT,0
1034,1362,328,FAR,0
1034,1029,-4,CORRECT,0
1034,1039,6,CORRECT,0
1034,1362,329,FAR,0
1034,1033,-0,CORRECT,0
1034,1362,329,FAR,0
1034,1035,1,CORRECT,0
1034,1032,-1,CORRECT,0
1034,1362,329,FAR,0
1034,1035,1,CORRECT,0
1034,1362,329,FAR,0
1034,1033,-1,CORRECT,0
1034,1362,329,FAR,0
1034,1033,-1,CORRECT,0
1034,1030,-3,CORRECT,0
1034,1362,329,FAR,0
1034,1033,-1,CORRECT,0
1034,1031,-3,CORRECT,0
1034,1362,329,FAR,0
1034,1035,1,CORRECT,0
1034,1032,-1,CORRECT,0
1034,1027,-7,CORRECT,0
1034,1362,328,FAR,0
1034,1362,328,FAR,0
1034,1033,-0,CORRECT,0
1034,1038,4,CORRECT,0
1034,1362,329,FAR,0
1034,1033,-1,CORRECT,0
1034,1034,1,CORRECT,0
1034,1038,4,CORRECT,0
1034,1365,332,FAR,0
1034,1366,332,FAR,0
1034,1033,-0,CORRECT,0
1034,1036,2,CORRECT,0
1034,1362,329,FAR,0
1034,1033,-1,CORRECT,0
1034,1036,2,CORRECT,0
1034,1362,329,FAR,0
1034,1362,328,FAR,0
1034,1035,2,CORRECT,0
1034,1362,329,FAR,0
1034,1364,330,FAR,0
1034,1034,0,CORRECT,0
1034,1027,-7,CORRECT,0
1034,1366,332,FAR,0
1034,1362,328,FAR,0
1034,1037,3,CORRECT,0
1034,1362,329,FAR,0
1034,1366,332,FAR,0
1034,1033,-0,CORRECT,0
1034,1366,332,FAR,0
1034,1035,1,CORRECT,0
1034,1362,328,FAR,0
1034,1034,1,CORRECT,0
1034,1362,328,FAR,0
1034,867,-166,CLOSE,0
1034,1036,3,CORRECT,0
1034,1363,330,FAR,0
1034,1363,329,FAR,0
1034,1035,1,CORRECT,0
1034,1032,-2,CORRECT,0
1034,1362,328,FAR,0
1034,1362,328,FAR,0
1034,1030,-4,CORRECT,0
1034,1036,2,CORRECT,0
1034,1362,328,FAR,0
1034,1033,-1,CORRECT,0
1034,1038,4,CORRECT,0
1034,1036,2,CORRECT,0
1034,1034,0,CORRECT,0
1034,1033,-0,CORRECT,0
1034,1033,-0,CORRECT,0
1034,1033,-0,CORRECT,0
1034,1032,-2,CORRECT,0
1034,1033,-0,CORRECT,0
1034,1033,-0,CORRECT,0
1034,1032,-2,CORRECT,0
1034,1033,-0,CORRECT,0
1034,1030,-4,CORRECT,0
1034,1033,-0,CORRECT,0
1034,1032,-2,CORRECT,0
1034,1033,-0,CORRECT,0
1034,1028,-5,CORRECT,0
1034,1030,-4,CORRECT,0
1034,1033,-0,CORRECT,0
1034,1034,0,CORRECT,0
1034,1033,-0,CORRECT,0
1034,1033,-0,CORRECT,0
1034,1030,-4,CORRECT,0
1034,1033,-0,CORRECT,0
1034,1033,-0,CORRECT,0
1034,1035,2,CORRECT,0
1034,1033,-0,CORRECT,0
1034,1034,0,CORRECT,0
1034,1033,-0,CORRECT,0
1034,1034,0,CORRECT,0
1034,1030,-4,CORRECT,0
1034,1033,-0,CORRECT,0
1034,1033,-0,CORRECT,0
1034,1035,2,CORRECT,0
1034,1033,-0,CORRECT,0
1034,1033,-0,CORRECT,0
1034,1033,-0,CORRECT,0
1034,1033,-0,CORRECT,0
1034,1033,-0,CORRECT,0
1034,1035,2,CORRECT,0
1034,1033,-0,CORRECT,0
1034,1035,2,CORRECT,0
1034,1034,0,CORRECT,0
1034,1367,334,FAR,0
1034,1367,334,FAR,0
1034,1030,-4,CORRECT,0
1034,1030,-4,CORRECT,0
1034,1034,0,CORRECT,0
1034,1035,2,CORRECT,0
1034,1033,-0,CORRECT,0
1034,1033,-0,CORRECT,0
1034,1033,-0,CORRECT,0
1034,1035,2,CORRECT,0
1034,1035,2,CORRECT,0
1034,1035,2,CORRECT,0
1034,1033,-0,CORRECT,0
1034,1035,2,CORRECT,0
1034,1035,2,CORRECT,0
1034,1035,2,CORRECT,0
1034,1034,0,CORRECT,0
1034,1363,329,FAR,0
1034,1368,334,FAR,0
1034,1033,-0,CORRECT,0
1034,1038,4,CORRECT,0
1034,1361,328,FAR,0
1034,1035,1,CORRECT,0
1034,1366,332,FAR,0
1034,1035,1,CORRECT,0
1034,1363,329,FAR,0
1034,1035,1,CORRECT,0
1034,1040,6,CORRECT,0
1034,1361,327,FAR,0
1034,1032,-2,CORRECT,0
1034,1365,331,FAR,0
1034,1030,-4,CORRECT,0
1034,1030,-3,CORRECT,0
1034,1362,329,FAR,0
1034,1364,330,FAR,0
1034,1031,-3,CORRECT,0
1034,1029,-4,CORRECT,0
1034,1363,329,FAR,0
1034,1033,-1,CORRECT,0
1034,1034,1,CORRECT,0
1034,1034,0,CORRECT,0
1034,1033,-0,CORRECT,0
1034,1035,2,CORRECT,0
1034,1035,2,CORRECT,0
1034,1033,-0,CORRECT,0
1034,1033,-0,CORRECT,0
1034,1033,-0,CORRECT,0
1034,1033,-0,CORRECT,0
1034,1033,-0,CORRECT,0
1034,1033,-0,CORRECT,0
1034,1033,-0,CORRECT,0
1034,1033,-0,CORRECT,0
1034,1033,-0,CORRECT,0
1034,1033,-0,CORRECT,0
1034,1033,-0,CORRECT,0
1034,1033,-0,CORRECT,0
1034,1033,-0,CORRECT,0
1034,1033,-0,CORRECT,0
1034,1033,-0,CORRECT,0
1034,1032,-2,CORRECT,0
1034,1035,2,CORRECT,0
1034,1033,-0,CORRECT,0
1034,1033,-0,CORRECT,0
1034,1033,-0,CORRECT,0
1034,1033,-0,CORRECT,0
1034,1035,2,CORRECT,0
1034,1035,2,CORRECT,0
1034,1033,-0,CORRECT,0
1034,1033,-0,CORRECT,0
1034,1033,-0,CORRECT,0
1034,1033,-0,CORRECT,0
1034,1035,2,CORRECT,0
1034,1035,2,CORRECT,0
1034,1035,2,CORRECT,0
1034,1033,-0,CORRECT,0
1034,1035,2,CORRECT,0
1034,1035,2,CORRECT,0
1034,1033,-0,CORRECT,0
1034,1035,2,CORRECT,0
1034,1035,2,CORRECT,0
1034,1032,-2,CORRECT,0
1034,1035,2,CORRECT,0
1034,1033,-0,CORRECT,0
1034,1033,-0,CORRECT,0
1034,1035,2,CORRECT,0
1034,1035,2,CORRECT,0
1034,1041,7,CORRECT,0
1034,1035,2,CORRECT,0
1034,1035,2,CORRECT,0
1034,1035,2,CORRECT,0
1034,1040,7,CORRECT,0
1034,1035,2,CORRECT,0
1034,1033,-0,CORRECT,0
1034,1035,2,CORRECT,0
1034,1035,2,CORRECT,0
1034,1033,-0,CORRECT,0
1034,1035,2,CORRECT,0
1034,1033,-0,CORRECT,0
1034,1033,-0,CORRECT,0
1034,1033,-0,CORRECT,0
1034,1035,2,CORRECT,0
1034,1033,-0,CORRECT,0
1034,1033,-0,CORRECT,0
1034,1035,2,CORRECT,0
1034,1034,0,CORRECT,0
1034,1035,2,CORRECT,0
1034,1035,2,CORRECT,0
1034,1033,-0,CORRECT,0
1034,1035,2,CORRECT,0
1034,1034,0,CORRECT,0
1034,1033,-0,CORRECT,0
1034,1033,-0,CORRECT,0
1034,1035,2,CORRECT,0
1034,1033,-0,CORRECT,0
1034,1033,-0,CORRECT,0
1034,1033,-0,CORRECT,0
1034,1033,-0,CORRECT,0
1034,1033,-0,CORRECT,0
1034,1033,-0,CORRECT,0
1034,1030,-4,CORRECT,0
1034,1033,-0,CORRECT,0
1034,1033,-0,CORRECT,0
1034,1034,0,CORRECT,0
1034,1034,0,CORRECT,0
1034,1033,-0,CORRECT,0
1034,1033,-0,CORRECT,0
1034,1033,-0,CORRECT,0
1034,1035,2,CORRECT,0
1034,1035,2,CORRECT,0
1034,1035,2,CORRECT,0
1034,1035,2,CORRECT,0
1034,1035,2,CORRECT,0
1034,1033,-0,CORRECT,0
1034,1033,-0,CORRECT,0
1034,1032,-2,CORRECT,0
1034,1035,2,CORRECT,0
1034,1032,-2,CORRECT,0
1034,1035,2,CORRECT,0
1034,1035,2,CORRECT,0
1034,1035,2,CORRECT,0
1034,1035,2,CORRECT,0
1034,1035,2,CORRECT,0
1034,1033,-0,CORRECT,0
1034,1362,328,FAR,0
1034,1362,328,FAR,0
1034,1033,-0,CORRECT,0
1034,1038,4,CORRECT,0
1034,1031,-3,CORRECT,0
1034,1032,-2,CORRECT,0
1034,1035,2,CORRECT,0
1034,1365,332,FAR,0
1034,1035,1,CORRECT,0
1034,1031,-3,CORRECT,0
1034,1362,329,FAR,0
1034,1035,1,CORRECT,0
1034,1040,6,CORRECT,0
1034,1366,332,FAR,0
1034,1033,-1,CORRECT,0
1034,1366,332,FAR,0
1034,1035,1,CORRECT,0
1034,1364,330,FAR,0
1034,1031,-2,CORRECT,0
1034,1040,6,CORRECT,0
1034,1032,-1,CORRECT,0
1034,1364,330,FAR,0
1034,1367,334,FAR,0
1034,1035,2,CORRECT,0
1034,1036,2,CORRECT,0
1034,1364,330,FAR,0
1034,1035,1,CORRECT,0
1034,1368,334,FAR,0
1034,1367,334,FAR,0
1034,1026,-7,CORRECT,0
1034,1027,-7,CORRECT,0
1034,1362,329,FAR,0
1034,1035,1,CORRECT,0
1034,1364,331,FAR,0
1034,1364,330,FAR,0
1034,1035,2,CORRECT,0
1034,1032,-1,CORRECT,0
1034,1034,1,CORRECT,0
1034,1366,332,FAR,0
1034,1035,1,CORRECT,0
1034,1031,-3,CORRECT,0
1034,1034,1,CORRECT,0
1034,1035,2,CORRECT,0
1034,1030,-4,CORRECT,0
1034,1035,2,CORRECT,0
1034,1035,2,CORRECT,0
1034,1035,2,CORRECT,0
1034,1035,2,CORRECT,0
1034,1364,330,FAR,0
1034,1033,-0,CORRECT,0
1034,1363,329,FAR,0
1034,1035,1,CORRECT,0
1034,1038,4,CORRECT,0
1034,1034,1,CORRECT,0
1034,1365,332,FAR,0
1034,1366,332,FAR,0
1034,1035,2,CORRECT,0
1034,1031,-3,CORRECT,0
1034,1362,328,FAR,0
1034,468,-566,CLOSE,0
1034,92,-942,CLOSE,0
1034,108,-926,CLOSE,0
1034,81,-952,CLOSE,0
1034,69,-964,CLOSE,0
1034,78,-956,CLOSE,0
1034,108,-926,CLOSE,0
1034,106,-927,CLOSE,0
1034,81,-952,CLOSE,0
1034,92,-942,CLOSE,0
1034,92,-942,CLOSE,0
1034,88,-945,CLOSE,0
1034,85,-949,CLOSE,0
1034,97,-936,CLOSE,0
1034,99,-935,CLOSE,0
1034,96,-938,CLOSE,0
1034,90,-943,CLOSE,0
1034,92,-942,CLOSE,0
1034,78,-956,CLOSE,0
1034,78,-956,CLOSE,0
1034,88,-945,CLOSE,0
1034,88,-945,CLOSE,0
1034,89,-945,CLOSE,0
1034,99,-935,CLOSE,0
1034,85,-949,CLOSE,0
1034,85,-949,CLOSE,0
1034,99,-935,CLOSE,0
1034,96,-938,CLOSE,0
1034,94,-939,CLOSE,0
1034,94,-939,CLOSE,0
1034,103,-931,CLOSE,0
1034,171,-862,CLOSE,0
1034,1035,2,CORRECT,0
1034,1032,-2,CORRECT,0
1034,1032,-1,CORRECT,0
1034,1033,-0,CORRECT,0
1034,1362,328,FAR,0
1034,1364,330,FAR,0
1034,1032,-2,CORRECT,0
1034,1039,5,CORRECT,0
1034,1028,-5,CORRECT,0
1034,1364,330,FAR,0
1034,1363,329,FAR,0
1034,1034,0,CORRECT,0
1034,1034,1,CORRECT,0
1034,1034,1,CORRECT,0
1034,1363,329,FAR,0
1034,1364,330,FAR,0
1034,1034,0,CORRECT,0
1034,1037,4,CORRECT,0
1034,1030,-3,CORRECT,0
1034,1364,330,FAR,0
1034,1040,7,CORRECT,0
1034,1028,-5,CORRECT,0
1034,1363,329,FAR,0
1034,1362,328,FAR,0
1034,1366,332,FAR,0
1034,1030,-4,CORRECT,0
1034,1027,-7,CORRECT,0
1034,1362,329,FAR,0
1034,1035,1,CORRECT,0
1034,1029,-5,CORRECT,0
1034,1031,-3,CORRECT,0
1034,1034,0,CORRECT,0
1034,1035,2,CORRECT,0
1034,1034,0,CORRECT,0
1034,1034,0,CORRECT,0
1034,1035,2,CORRECT,0
1034,1035,2,CORRECT,0
1034,1033,-0,CORRECT,0
1034,1033,-0,CORRECT,0
1034,1033,-0,CORRECT,0
1034,1035,2,CORRECT,0
1034,1034,0,CORRECT,0
1034,1033,-0,CORRECT,0
1034,1035,2,CORRECT,0
1034,1035,2,CORRECT,0
1034,1034,0,CORRECT,0
1034,1035,2,CORRECT,0
1034,1035,2,CORRECT,0
1034,1033,-0,CORRECT,0
1034,1035,2,CORRECT,0
1034,1035,2,CORRECT,0
1034,1034,0,CORRECT,0
1034,1035,2,CORRECT,0
1034,1035,2,CORRECT,0
1034,1030,-4,CORRECT,0
1034,1033,-0,CORRECT,0
1034,1033,-0,CORRECT,0
1034,1035,2,CORRECT,0
1034,1035,2,CORRECT,0
1034,1035,2,CORRECT,0
1034,1035,2,CORRECT,0
1034,1035,2,CORRECT,0
1034,1037,3,CORRECT,0
1034,1363,329,FAR,0
1034,1363,329,FAR,0
1034,1361,327,FAR,0
1034,1361,327,FAR,0
1034,1361,327,FAR,0
1034,1361,327,FAR,0
1034,1361,327,FAR,0
1034,1362,328,FAR,0
1034,1031,-3,CORRECT,0
1034,1038,4,CORRECT,0
1034,1033,-1,CORRECT,0
1034,1033,-0,CORRECT,0
1034,1033,-0,CORRECT,0
1034,1034,0,CORRECT,0
1034,1035,2,CORRECT,0
1034,1033,-0,CORRECT,0
1034,1030,-4,CORRECT,0
1034,1362,329,FAR,0
1034,1362,328,FAR,0
1034,1033,-0,CORRECT,0
1034,1034,1,CORRECT,0
1034,1366,332,FAR,0
1034,1030,-4,CORRECT,0
1034,1362,329,FAR,0
1034,1033,-1,CORRECT,0
1034,1361,327,FAR,0
1034,1030,-4,CORRECT,0
1034,1361,327,FAR,0
1034,1033,-1,CORRECT,0
1034,1027,-7,CORRECT,0
1034,1034,1,CORRECT,0
1034,1360,327,FAR,0
1034,1015,-18,CORRECT,0
1034,831,-202,CLOSE,0
1034,1333,299,FAR,0
1034,933,-101,CLOSE,0
1034,806,-228,CLOSE,0
1034,587,-447,CLOSE,0
1034,1133,99,FAR,0
1034,1107,73,FAR,0
1034,928,-106,CLOSE,0
1034,1068,35,FAR,0
1034,952,-81,CLOSE,0
1034,1030,-4,CORRECT,0
1034,949,-84,CLOSE,0
1034,974,-60,CLOSE,0
1034,962,-72,CLOSE,0
1034,956,-77,CLOSE,0
1034,978,-56,CLOSE,0
1034,991,-43,CLOSE,0
1034,984,-49,CLOSE,0
1034,984,-50,CLOSE,0
1034,986,-48,CLOSE,0
1034,984,-50,CLOSE,0
1034,986,-48,CLOSE,0
1034,985,-48,CLOSE,0
1034,986,-48,CLOSE,0
1034,984,-50,CLOSE,0
1034,986,-48,CLOSE,0
1034,986,-48,CLOSE,0
1034,986,-48,CLOSE,0
1034,985,-48,CLOSE,0
1034,986,-48,CLOSE,0
1034,986,-48,CLOSE,0
1034,986,-48,CLOSE,0
1034,984,-50,CLOSE,0
1034,986,-48,CLOSE,0
1034,985,-48,CLOSE,0
1034,986,-48,CLOSE,0
1034,984,-50,CLOSE,0
1034,983,-51,CLOSE,0
1034,985,-48,CLOSE,0
1034,986,-48,CLOSE,0
1034,984,-50,CLOSE,0
1034,986,-48,CLOSE,0
1034,984,-49,CLOSE,0
1034,986,-48,CLOSE,0
1034,984,-50,CLOSE,0
1034,986,-48,CLOSE,0
1034,986,-48,CLOSE,0
1034,986,-48,CLOSE,0
1034,984,-49,CLOSE,0
1034,986,-48,CLOSE,0
1034,984,-49,CLOSE,0
# REFERENCE SAVED 986 mm
986,986,0,CORRECT,0
986,986,1,CORRECT,0
986,985,-1,CORRECT,0
986,984,-1,CORRECT,0
986,984,-2,CORRECT,0
986,984,-2,CORRECT,0
986,983,-3,CORRECT,0
986,984,-2,CORRECT,0
986,984,-2,CORRECT,0
986,984,-2,CORRECT,0
986,984,-2,CORRECT,0
986,984,-2,CORRECT,0
986,984,-2,CORRECT,0
986,984,-2,CORRECT,0
986,986,0,CORRECT,0
986,986,0,CORRECT,0
986,983,-3,CORRECT,0
986,986,0,CORRECT,0
986,984,-2,CORRECT,0
986,984,-2,CORRECT,0
986,984,-2,CORRECT,0
986,986,0,CORRECT,0
986,986,0,CORRECT,0
986,984,-2,CORRECT,0
986,982,-3,CORRECT,0
986,984,-2,CORRECT,0
986,984,-2,CORRECT,0
986,984,-2,CORRECT,0
986,983,-3,CORRECT,0
986,984,-2,CORRECT,0
986,986,0,CORRECT,0
986,983,-3,CORRECT,0
986,986,0,CORRECT,0
986,986,0,CORRECT,0
986,984,-2,CORRECT,0
986,986,0,CORRECT,0
986,986,0,CORRECT,0
986,986,0,CORRECT,0
986,986,0,CORRECT,0
986,986,0,CORRECT,0
986,986,0,CORRECT,0
986,986,0,CORRECT,0
986,983,-3,CORRECT,0
986,986,0,CORRECT,0
986,986,0,CORRECT,0
986,986,0,CORRECT,0
986,984,-2,CORRECT,0
986,984,-2,CORRECT,0
986,986,0,CORRECT,0
986,983,-3,CORRECT,0
986,984,-2,CORRECT,0
986,986,0,CORRECT,0
986,987,2,CORRECT,0
986,986,0,CORRECT,0
986,986,0,CORRECT,0
986,986,0,CORRECT,0
986,987,2,CORRECT,0
986,983,-3,CORRECT,0
986,985,-0,CORRECT,0
986,991,5,CORRECT,0
986,1026,40,FAR,0
986,1077,91,FAR,0
986,575,-411,CLOSE,0
986,614,-372,CLOSE,0
986,1141,155,FAR,0
986,796,-190,CLOSE,0
986,793,-193,CLOSE,0
986,930,-56,CLOSE,0
986,1131,145,FAR,0
986,1116,131,FAR,0
986,1108,122,FAR,0
986,1108,122,FAR,0
986,1102,117,FAR,0
986,1102,117,FAR,0
986,1108,122,FAR,0
986,1113,127,FAR,0
986,1108,122,FAR,0
986,1111,126,FAR,0
986,1282,296,FAR,0
986,1117,131,FAR,0
986,1117,131,FAR,0
986,1113,128,FAR,0
986,1133,147,FAR,0
986,1101,115,FAR,0
986,1287,301,FAR,0
986,1140,154,FAR,0
986,1284,298,FAR,0
986,1104,118,FAR,0
986,1285,300,FAR,0
986,1291,305,FAR,0
986,1298,312,FAR,0
986,1113,127,FAR,0
986,1111,126,FAR,0
986,1299,314,FAR,0
986,1296,310,FAR,0
986,1294,309,FAR,0
986,1117,131,FAR,0
986,1301,316,FAR,0
986,1299,314,FAR,0
986,1304,319,FAR,0
986,1140,154,FAR,0
986,1303,317,FAR,0
986,1291,305,FAR,0
986,1136,151,FAR,0
986,1113,127,FAR,0
986,1299,314,FAR,0
986,1141,156,FAR,0
986,1131,145,FAR,0
986,1131,145,FAR,0
986,619,-366,CLOSE,0
986,620,-366,CLOSE,0
986,1252,266,FAR,0
986,1221,236,FAR,0
986,1133,147,FAR,0
986,1101,115,FAR,0
986,955,-31,CLOSE,0
986,862,-123,CLOSE,0
986,951,-34,CLOSE,0
986,817,-169,CLOSE,0
986,833,-152,CLOSE,0
986,817,-169,CLOSE,0
986,812,-173,CLOSE,0
986,960,-26,CORRECT,0
986,817,-168,CLOSE,0
986,810,-176,CLOSE,0
986,959,-27,CORRECT,0
986,814,-172,CLOSE,0
986,957,-29,CORRECT,0
986,962,-23,CORRECT,0
986,963,-23,CORRECT,0
986,816,-170,CLOSE,0
986,962,-24,CORRECT,0
986,812,-174,CLOSE,0
986,812,-174,CLOSE,0
986,823,-163,CLOSE,0
986,815,-171,CLOSE,0
986,823,-163,CLOSE,0
986,813,-172,CLOSE,0
986,814,-172,CLOSE,0
986,961,-25,CORRECT,0
986,817,-168,CLOSE,0
986,818,-167,CLOSE,0
986,961,-25,CORRECT,0
986,816,-170,CLOSE,0
986,813,-172,CLOSE,0
986,962,-23,CORRECT,0
986,814,-172,CLOSE,0
986,820,-165,CLOSE,0
986,957,-29,CORRECT,0
986,811,-175,CLOSE,0
986,827,-158,CLOSE,0
986,816,-170,CLOSE,0
986,819,-167,CLOSE,0
986,959,-27,CORRECT,0
986,962,-23,CORRECT,0
986,831,-154,CLOSE,0

