1904,4045,-1,37874
1925,4045,93,37874
1894,4045,-1,37874
1890,4045,100,37874
1870,4045,-1,37874
1831,4045,103,37874
1799,4045,-1,37874
1804,4045,102,37874
1811,4045,-1,37874
1811,4045,103,37874
1799,4045,-1,37874
1813,4045,103,37874
1847,4045,-1,37874
1854,4045,103,37874
1856,4045,-1,37874
1853,4045,103,37874
1851,4045,-1,37874
1854,4045,104,37874
1861,4045,-1,37874
1931,4045,104,37874
2118,4045,-1,37874
2150,4045,104,37874
2146,4045,-1,37874
2082,4045,104,37874
1983,4045,-1,37874
1924,4045,104,37874
1846,4045,-1,37874
1822,4045,104,37874
1823,4045,-1,37874
1828,4045,104,37874
1826,4045,-1,37874
1826,4045,103,37874
1830,4045,-1,37874
1822,4045,103,37874
1828,4045,-1,37874
1831,4045,102,37874
1832,4045,-1,37874
1846,4045,102,37874
1850,4045,-1,37874
1847,4045,102,37874
1853,4045,-1,37874
1853,4045,102,37874
1850,4045,-1,37874
1848,4045,102,37874
1849,4045,-1,37874
1844,4045,103,37874
1846,4045,-1,37874
1846,4045,102,37874
1844,4045,-1,37874
1843,4045,103,37874
1848,4045,-1,37874
1852,4045,103,37874
1852,4045,-1,37874
1851,4045,103,37874
1851,4045,-1,37874
1856,4045,103,37874
1857,4045,-1,37874
1859,4045,103,37874
1856,4045,-1,37874
1853,4045,103,37874
1857,4045,-1,37874
1851,4045,104,37874
1860,4045,-1,37874
1861,4045,104,37874
1864,4045,-1,37874
1862,4045,104,37874
1868,4045,-1,37874
1869,4045,104,37874
1867,4045,-1,37874
1866,4045,103,37874
1872,4045,-1,37874
1872,4045,104,37874
1873,4045,-1,37874
1876,4045,104,37874
1875,4045,-1,37874
1871,4045,104,37874
1870,4045,-1,37874
1867,4045,104,37874
1863,4045,-1,37874
1861,4045,104,37874
1862,4045,-1,37874
1859,4045,104,37874
1857,4045,-1,37874
1860,4045,104,37874
1862,4045,-1,37874
1860,4045,103,37874
1851,4045,-1,37874
1856,4045,104,37874
1864,4045,-1,37874
1866,4045,102,37874
1859,4045,-1,37874
1862,4045,102,37874
1863,4045,-1,37874
1855,4045,102,37874
1861,4045,-1,37874
1844,4045,104,37874
1859,4045,-1,37874
1870,4045,103,37874
1864,4045,-1,37874
1856,4045,103,37874
1854,4045,-1,37874
1852,4045,103,37874
1845,4045,-1,37874
1855,4045,102,37874
1855,4045,-1,37874
1850,4045,102,37874
1848,4045,-1,37874
1843,4045,102,37874
1839,4045,-1,37874
1832,4045,101,37874
1835,4045,-1,37874
1830,4045,103,37874
1833,4045,-1,37874
1829,4045,107,37874
1831,4045,-1,37874
1831,4045,109,37874
1831,4045,-1,37874
1830,4045,111,37874
1833,4045,-1,37874
1834,4045,111,37874
1835,4045,-1,37874
1835,4045,110,37874
1833,4045,-1,37874
1832,4045,108,37874
1831,4045,-1,37874
1831,4045,108,37874
1830,4045,-1,37874
1830,4045,107,37874
1829,4045,-1,37874
1831,4045,107,37874
1832,4045,-1,37874
1830,4045,106,37874
1835,4045,-1,37874
1832,4045,105,37874
1831,4045,-1,37874
1830,4045,106,37874
1831,4045,-1,37874
1830,4045,106,37874
1831,4045,-1,37874
1830,4045,105,37874
1831,4045,-1,37874
1831,4045,106,37874
1832,4045,-1,37874
1829,4045,105,37874
1829,4045,-1,37874
1830,4045,105,37874
1831,4045,-1,37874
1831,4045,106,37874
1831,4045,-1,37874
1831,4045,106,37874
1830,4045,-1,37874
1831,4045,106,37874
1830,4045,-1,37874
1831,4045,106,37874
1832,4045,-1,37874
1831,4045,106,37874
1831,4045,-1,37874
1832,4045,106,37874
1832,4045,-1,37874
1836,4045,107,37874
1852,4045,-1,37874
1837,4045,107,37874
1831,4045,-1,37874
1830,4045,107,37874
1840,4045,-1,37874
1864,4045,107,37874
1864,4045,-1,37874
1837,4045,106,37874
1846,4045,-1,37874
1856,4045,105,37874
1868,4045,-1,37874
1891,4045,97,37874
1898,4045,-1,37874
1902,4045,86,37874
1902,4045,-1,37874
1882,4045,85,37874
1885,4045,-1,37874
1909,4045,88,37874
1903,4045,-1,37874
1845,4045,88,37874
1771,4045,-1,37874
1763,4045,89,37874
1789,4045,-1,37874
1801,4045,88,37874
1788,4045,-1,37874
1783,4045,88,37874
1781,4045,-1,37874
1772,4045,87,37874
1774,4045,-1,37874
1786,4045,86,37874
1794,4045,-1,37874
1785,4045,87,37874
1809,4045,-1,37874
1854,4045,90,37874
1881,4045,-1,37874
1867,4045,87,37874
1857,4045,-1,37874
1841,4045,86,37874
1816,4045,-1,37874
1812,4045,86,37874
1804,4045,-1,37874
1795,4045,87,37874
1784,4045,-1,37874
1771,4045,87,37874
1824,4045,-1,37874
1823,4045,87,37874
1818,4045,-1,37874
1818,4045,87,37874
1811,4045,-1,37874
1794,4045,87,37874
1622,4045,-1,37874
839,4045,88,37874
646,4045,-1,37874
654,4045,89,37874
777,4045,-1,37874
708,4045,90,37874
698,4045,-1,37874
773,4045,88,37874
909,4045,-1,37874
1054,4045,87,37874
1279,4045,-1,37874
1433,4045,85,37874
1549,4045,-1,37874
1534,4045,86,37874
1507,4045,-1,37874
1480,4045,84,37874
1497,4045,-1,37874
1552,4045,85,37874
1547,4045,-1,37874
1541,4045,85,37874
1540,4045,-1,37874
1539,4045,89,37874
1535,4045,-1,37874
1536,4045,102,37874
1525,4045,-1,37874
1455,4045,98,37874
1407,4045,-1,37874
1393,4045,90,37874
1530,4045,-1,37874
2010,4045,91,37874
2342,4045,-1,37874
2435,4045,91,37874
2496,4045,-1,37874
2513,4045,90,37874
2519,4045,-1,37874
2551,4045,89,37874
2601,4045,-1,37874
2945,4045,90,37874
2868,4045,-1,37874
2647,4045,89,37874
2582,4045,-1,37874
2545,4045,88,37874
2411,4045,-1,37874
2230,4045,89,37874
2180,4045,-1,37874
2244,4045,95,37874
2214,4045,-1,37874
1943,4045,94,37874
1797,4045,-1,37874
1744,4045,98,37874
1728,4045,-1,37874
1721,4045,100,37874
1714,4045,-1,37874
1709,4045,102,37874
1704,4045,-1,37874
1701,4045,101,37874
1697,4045,-1,37874
1694,4045,112,37874
1693,4045,-1,37874
1690,4045,109,37874
1688,4045,-1,37874
1687,4045,107,37874
1685,4045,-1,37874
1684,4045,95,37874
1681,4045,-1,37874
1680,4045,94,37874
1679,4045,-1,37874
1677,4045,93,37874
1676,4045,-1,37874
1674,4045,96,37874
1673,4045,-1,37874
1672,4045,97,37874
1671,4045,-1,37874
1670,4045,96,37874
1669,4045,-1,37874
1668,4045,96,37874
1668,4045,-1,37874
1649,4045,93,37874
1643,4045,-1,37874
1642,4045,96,37874
1643,4045,-1,37874
1642,4045,111,37874
1642,4045,-1,37874
1641,4045,115,37874
1642,4045,-1,37874
1641,4045,126,37874
1640,4045,-1,37874
1642,4045,137,37874
1640,4045,-1,37874
1639,4045,136,37874
1640,4045,-1,37874
1640,4045,138,37874
1640,4045,-1,37874
1641,4045,139,37874
1640,4045,-1,37874
1639,4045,138,37874
1639,4045,-1,37874
1639,4045,135,37874
1639,4045,-1,37874
1639,4045,131,37874
1639,4045,-1,37874
1638,4045,129,37874
1638,4045,-1,37874
1639,4045,126,37874
1638,4045,-1,37874
1637,4045,128,37874
1639,4045,-1,37874
1637,4045,133,37874
1638,4045,-1,37874
1638,4045,134,37874
1638,4045,-1,37874
1636,4045,133,37874
1637,4045,-1,37874
1637,4045,135,37874
1636,4045,-1,37874
1636,4045,134,37874
1638,4045,-1,37874
1637,4045,135,37874
1637,4045,-1,37874
1637,4045,137,37874
1636,4045,-1,37874
1637,4045,135,37874
1637,4045,-1,37874
1637,4045,132,37874
1637,4045,-1,37874
1637,4045,133,37874
1637,4045,-1,37874
1637,4045,134,37874
1638,4045,-1,37874
1637,4045,134,37874
1637,4045,-1,37874
1637,4045,135,37874
1637,4045,-1,37874
1637,4045,135,37874
1636,4045,-1,37874
1636,4045,134,37874
1636,4045,-1,37874
1636,4045,135,37874
1636,4045,-1,37874
1635,4045,135,37874
1636,4045,-1,37874
1636,4045,135,37874
1636,4045,-1,37874
1636,4045,136,37874
1638,4045,-1,37874
1636,4045,136,37874
1635,4045,-1,37874
1635,4045,136,37874
1637,4045,-1,37874
1637,4045,135,37874
1635,4045,-1,37874
1636,4045,136,37874
1635,4045,-1,37874
1636,4045,136,37874
1636,4045,-1,37874
1635,4045,136,37874
1636,4045,-1,37874
1636,4045,134,37874
1636,4045,-1,37874
1634,4045,134,37874
1636,4045,-1,37874
1634,4045,134,37874
1635,4045,-1,37874
1636,4045,134,37874
1635,4045,-1,37874
1635,4045,135,37874
1636,4045,-1,37874
1636,4045,135,37874
1635,4045,-1,37874
1636,4045,134,37874
1635,4045,-1,37874
1636,4045,135,37874
1634,4045,-1,37874
1635,4045,135,37874
1636,4045,-1,37874
1637,4045,134,37874
1635,4045,-1,37874
1635,4045,132,37874
1634,4045,-1,37874
1635,4045,134,37874
1635,4045,-1,37874
1636,4045,133,37874
1634,4045,-1,37874
1635,4045,133,37874
1634,4045,-1,37874
1634,4045,133,37874
1635,4045,-1,37874
1634,4045,133,37874
1633,4045,-1,37874
1634,4045,133,37874
1633,4045,-1,37874
1634,4045,130,37874
1633,4045,-1,37874
1633,4045,130,37874
1634,4045,-1,37874
1634,4045,130,37874
1633,4045,-1,37874
1633,4045,130,37874
1633,4045,-1,37874
1633,4045,131,37874
1632,4045,-1,37874
1633,4045,130,37874
1633,4045,-1,37874
1632,4045,131,37874
1633,4045,-1,37874
1632,4045,131,37874
1632,4045,-1,37874
1632,4045,131,37874
1632,4045,-1,37874
1631,4045,131,37874
1633,4045,-1,37874
1631,4045,130,37874
1630,4045,-1,37874
1632,4045,132,37874
1631,4045,-1,37874
1632,4045,131,37874
1632,4045,-1,37874
1633,4045,132,37874
1631,4045,-1,37874
1632,4045,130,37874
1632,4045,-1,37874
1631,4045,132,37874
1632,4045,-1,37874
1632,4045,132,37874
1631,4045,-1,37874
1631,4045,131,37874
1632,4045,-1,37874
1633,4045,131,37874
1631,4045,-1,37874
1631,4045,132,37874
1626,4045,-1,37874
1624,4045,132,37874
1626,4045,-1,37874
1626,4045,132,37874
1625,4045,-1,37874
1625,4045,132,37874
1625,4045,-1,37874
1625,4045,130,37874
1625,4045,-1,37874
1625,4045,117,37874
1625,4045,-1,37874
1605,4045,104,37874
1574,4045,-1,37874
1823,4045,97,37874
1918,4045,-1,37874
1878,4045,92,37874
1846,4045,-1,37874
1983,4045,90,37874
2210,4045,-1,37874
2344,4045,86,37874
2341,4045,-1,37874
2361,4045,84,37874
2308,4045,-1,37874
2327,4045,86,37874
2250,4045,-1,37874
2218,4045,88,37874
2360,4045,-1,37874
2755,4045,95,37874
2809,4045,-1,37874
2806,4045,96,37874
2923,4045,-1,37874
2867,4045,95,37874
2985,4045,-1,37874
3125,4045,88,37874
3195,4045,-1,37874
3247,4045,87,37874
3416,4045,-1,37874
3452,4045,84,37874
3444,4045,-1,37874
3333,4045,84,37874
3327,4045,-1,37874
3280,4045,85,37874
3268,4045,-1,37874
3255,4045,84,37874
3241,4045,-1,37874
3233,4045,86,37874
3227,4045,-1,37874
3229,4045,97,37874
3252,4045,-1,37874
3295,4045,120,37874
3357,4045,-1,37874
3256,4045,114,37874
2816,4045,-1,37874
2707,4045,100,37874
2667,4045,-1,37874
2376,4045,91,37874
2076,4045,-1,37874
2009,4045,89,37874
2343,4045,-1,37874
3030,4045,116,37874
2973,4045,-1,37874
2491,4045,97,37874
2622,4045,-1,37874
2452,4045,85,37874
2406,4045,-1,37874
2526,4045,82,37874
2682,4045,-1,37874
2622,4045,84,37874
2694,4045,-1,37874
2617,4045,97,37874
2995,4045,-1,37874
2962,4045,129,37874
2850,4045,-1,37874
2900,4045,124,37874
3031,4045,-1,37874
3082,4045,95,37874
3091,4045,-1,37874
3044,4045,89,37874
3012,4045,-1,37874
2958,4045,86,37874
2927,4045,-1,37874
2936,4045,87,37874
2926,4045,-1,37874
2937,4045,89,37874
2951,4045,-1,37874
2952,4045,92,37874
2933,4045,-1,37874
2906,4045,93,37874
2893,4045,-1,37874
2872,4045,92,37874
2879,4045,-1,37874
2892,4045,90,37874
2832,4045,-1,37874
2781,4045,82,37874
2801,4045,-1,37874
2814,4045,81,37874
2801,4045,-1,37874
2822,4045,82,37874
2815,4045,-1,37874
2817,4045,83,37874
2829,4045,-1,37874
2826,4045,83,37874
2816,4045,-1,37874
2808,4045,83,37874
2815,4045,-1,37874
2810,4045,84,37874
2796,4045,-1,37874
2675,4045,101,37874
2001,4045,-1,37874
1990,4045,116,37874
1836,4045,-1,37874
1854,4045,102,37874
1837,4045,-1,37874
1803,4045,107,37874
1786,4045,-1,37874
1780,4045,121,37874
1768,4045,-1,37874
1754,4045,126,37874
1744,4045,-1,37874
1737,4045,128,37874
1728,4045,-1,37874
1721,4045,129,37874
1715,4045,-1,37874
1706,4045,128,37874
1701,4045,-1,37874
1695,4045,128,37874
1690,4045,-1,37874
1687,4045,129,37874
1683,4045,-1,37874
1680,4045,129,37874
1676,4045,-1,37874
1673,4045,130,37874
1670,4045,-1,37874
1667,4045,130,37874
1665,4045,-1,37874
1662,4045,131,37874
1659,4045,-1,37874
1656,4045,131,37874
1655,4045,-1,37874
1652,4045,131,37874
1650,4045,-1,37874
1647,4045,130,37874
1645,4045,-1,37874
1641,4045,130,37874
1641,4045,-1,37874
1638,4045,130,37874
1636,4045,-1,37874
1634,4045,129,37874
1634,4045,-1,37874
1631,4045,130,37874
1628,4045,-1,37874
1627,4045,130,37874
1627,4045,-1,37874
1625,4045,131,37874
1623,4045,-1,37874
1623,4045,129,37874
1622,4045,-1,37874
1621,4045,130,37874
1620,4045,-1,37874
1618,4045,130,37874
1618,4045,-1,37874
1616,4045,131,37874
1616,4045,-1,37874
1615,4045,130,37874
1614,4045,-1,37874
1613,4045,130,37874
1610,4045,-1,37874
1610,4045,130,37874
1609,4045,-1,37874
1608,4045,129,37874
1608,4045,-1,37874
1608,4045,129,37874
1606,4045,-1,37874
1606,4045,129,37874
1605,4045,-1,37874
1605,4045,130,37874
1605,4045,-1,37874
1605,4045,130,37874
1603,4045,-1,37874
1602,4045,130,37874
1603,4045,-1,37874
1602,4045,130,37874
1601,4045,-1,37874
1600,4045,130,37874
1601,4045,-1,37874
1599,4045,129,37874
1600,4045,-1,37874
1599,4045,130,37874
1598,4045,-1,37874
1597,4045,129,37874
1597,4045,-1,37874
1597,4045,129,37874
1597,4045,-1,37874
1595,4045,128,37874
1596,4045,-1,37874
1594,4045,129,37874
1595,4045,-1,37874
1593,4045,129,37874
1593,4045,-1,37874
1592,4045,130,37874
1593,4045,-1,37874
1592,4045,129,37874
1592,4045,-1,37874
1591,4045,130,37874
1593,4045,-1,37874
1592,4045,132,37874
1591,4045,-1,37874
1591,4045,128,37874
1591,4045,-1,37874
1588,4045,123,37874
1589,4045,-1,37874
1588,4045,113,37874
1587,4045,-1,37874
1586,4045,105,37874
1584,4045,-1,37874
1583,4045,105,37874
1502,4045,-1,37874
1553,4045,100,37874
1898,4045,-1,37874
2232,4045,99,37874
2469,4045,-1,37874
2509,4045,94,37874
2550,4045,-1,37874
2570,4045,87,37874
2611,4045,-1,37874
2661,4045,82,37874
2677,4045,-1,37874
2727,4045,81,37874
2770,4045,-1,37874
2750,4045,81,37874
2728,4045,-1,37874
2746,4045,81,37874
2717,4045,-1,37874
2745,4045,81,37874
2762,4045,-1,37874
2740,4045,81,37874
2734,4045,-1,37874
2715,4045,82,37874
2722,4045,-1,37874
2736,4045,82,37874
2722,4045,-1,37874
2768,4045,82,37874
3145,4045,-1,37874
3133,4045,81,37874
3034,4045,-1,37874
2965,4045,81,37874
2729,4045,-1,37874
2673,4045,81,37874
2681,4045,-1,37874
2704,4045,80,37874
2693,4045,-1,37874
2679,4045,80,37874
2697,4045,-1,37874
2725,4045,79,37874
2755,4045,-1,37874
2841,4045,80,37874
2963,4045,-1,37874
2903,4045,78,37874
2750,4045,-1,37874
2692,4045,76,37874
2721,4045,-1,37874
2773,4045,76,37874
2809,4045,-1,37874
2816,4045,77,37874
2817,4045,-1,37874
2815,4045,80,37874
2860,4045,-1,37874
2880,4045,86,37874
2885,4045,-1,37874
2822,4045,86,37874
2772,4045,-1,37874
2688,4045,83,37874
2685,4045,-1,37874
2693,4045,83,37874
2776,4045,-1,37874
2852,4045,87,37874
2855,4045,-1,37874
2813,4045,84,37874
2756,4045,-1,37874
2693,4045,82,37874
2563,4045,-1,37874
2447,4045,83,37874
2375,4045,-1,37874
2373,4045,83,37874
2414,4045,-1,37874
2316,4045,83,37874
2519,4045,-1,37874
2469,4045,82,37874
2409,4045,-1,37874
2465,4045,81,37874
2449,4045,-1,37874
2493,4045,82,37874
2640,4045,-1,37874
2605,4045,84,37874
2584,4045,-1,37874
1488,4045,88,37874
1265,4045,-1,37874
1070,4045,86,37874
1006,4045,-1,37874
961,4045,84,37874
926,4045,-1,37874
940,4045,82,37874
1621,4045,-1,37874
2727,4045,94,37874
2786,4045,-1,37874
2817,4045,99,37874
2818,4045,-1,37874
2679,4045,83,37874
2655,4045,-1,37874
2673,4045,82,37874
2634,4045,-1,37874
2617,4045,82,37874
2610,4045,-1,37874
2610,4045,82,37874
2608,4045,-1,37874
2606,4045,81,37874
2620,4045,-1,37874
2629,4045,81,37874
2645,4045,-1,37874
2727,4045,85,37874
2670,4045,-1,37874
2832,4045,89,37874
2905,4045,-1,37874
2862,4045,87,37874
2927,4045,-1,37874
3046,4045,88,37874
3121,4045,-1,37874
3225,4045,89,37874
3007,4045,-1,37874
2974,4045,90,37874
2859,4045,-1,37874
2921,4045,90,37874
2926,4045,-1,37874
2905,4045,88,37874
2859,4045,-1,37874
2820,4045,87,37874
2809,4045,-1,37874
2801,4045,89,37874
2705,4045,-1,37874
2690,4045,89,37874
2662,4045,-1,37874
2576,4045,87,37874
2561,4045,-1,37874
2560,4045,82,37874
2546,4045,-1,37874
2534,4045,82,37874
2545,4045,-1,37874
2557,4045,83,37874
2574,4045,-1,37874
2668,4045,89,37874
1827,4045,-1,37874
1458,4045,87,37874
1220,4045,-1,37874
1100,4045,87,37874
1321,4045,-1,37874
2653,4045,91,37874
2659,4045,-1,37874
2591,4045,99,37874
2577,4045,-1,37874
2577,4045,98,37874
2577,4045,-1,37874
2576,4045,112,37874
2575,4045,-1,37874
2576,4045,127,37874
2576,4045,-1,37874
2574,4045,127,37874
2575,4045,-1,37874
2575,4045,127,37874
2574,4045,-1,37874
2576,4045,126,37874
2574,4045,-1,37874
2576,4045,127,37874
2575,4045,-1,37874
2575,4045,127,37874
2574,4045,-1,37874
2576,4045,126,37874
2575,4045,-1,37874
2575,4045,126,37874
2575,4045,-1,37874
2574,4045,126,37874
2575,4045,-1,37874
2574,4045,127,37874
2574,4045,-1,37874
2574,4045,124,37874
2575,4045,-1,37874
2574,4045,116,37874
2574,4045,-1,37874
2575,4045,116,37874
2574,4045,-1,37874
2572,4045,115,37874
2573,4045,-1,37874
2572,4045,115,37874
2573,4045,-1,37874
2572,4045,115,37874
2573,4045,-1,37874
2572,4045,116,37874
2573,4045,-1,37874
2571,4045,119,37874
2572,4045,-1,37874
2572,4045,131,37874
2570,4045,-1,37874
2572,4045,135,37874
2572,4045,-1,37874
2571,4045,136,37874
2573,4045,-1,37874
2571,4045,135,37874
2572,4045,-1,37874
2572,4045,135,37874
2572,4045,-1,37874
2571,4045,126,37874
2572,4045,-1,37874
2572,4045,106,37874
2571,4045,-1,37874
2572,4045,103,37874
2571,4045,-1,37874
2573,4045,108,37874
2573,4045,-1,37874
2573,4045,110,37874
2572,4045,-1,37874
2572,4045,109,37874
2573,4045,-1,37874
2573,4045,109,37874
2572,4045,-1,37874
2573,4045,109,37874
2573,4045,-1,37874
2572,4045,109,37874
2573,4045,-1,37874
2573,4045,109,37874
2572,4045,-1,37874
2572,4045,109,37874
2572,4045,-1,37874
2572,4045,109,37874
2572,4045,-1,37874
2572,4045,108,37874
2573,4045,-1,37874
2572,4045,108,37874
2572,4045,-1,37874
2572,4045,108,37874
2571,4045,-1,37874
2571,4045,107,37874
2572,4045,-1,37874
2572,4045,105,37874
2571,4045,-1,37874
2572,4045,104,37874
2572,4045,-1,37874
2572,4045,104,37874
2571,4045,-1,37874
2571,4045,104,37874
2571,4045,-1,37874
2572,4045,105,37874
2572,4045,-1,37874
2571,4045,105,37874
2571,4045,-1,37874
2572,4045,111,37874
2571,4045,-1,37874
2572,4045,117,37874
2570,4045,-1,37874
2572,4045,121,37874
2572,4045,-1,37874
2571,4045,124,37874
2570,4045,-1,37874
2569,4045,118,37874
2572,4045,-1,37874
2571,4045,115,37874
2572,4045,-1,37874
2570,4045,114,37874
2571,4045,-1,37874
2571,4045,114,37874
2571,4045,-1,37874
2570,4045,115,37874
2569,4045,-1,37874
2570,4045,122,37874
2571,4045,-1,37874
2570,4045,125,37874
2570,4045,-1,37874
2571,4045,124,37874
2570,4045,-1,37874
2571,4045,129,37874
2572,4045,-1,37874
2572,4045,129,37874
2570,4045,-1,37874
2569,4045,132,37874
2570,4045,-1,37874
2569,4045,122,37874
2571,4045,-1,37874
2570,4045,127,37874
2570,4045,-1,37874
2572,4045,128,37874
2570,4045,-1,37874
2571,4045,127,37874
2570,4045,-1,37874
2571,4045,126,37874
2570,4045,-1,37874
2571,4045,127,37874
2571,4045,-1,37874
2571,4045,126,37874
2570,4045,-1,37874
2570,4045,125,37874
2570,4045,-1,37874
2570,4045,124,37874
2571,4045,-1,37874
2571,4045,124,37874
2570,4045,-1,37874
2571,4045,125,37874
2570,4045,-1,37874
2570,4045,125,37874
2570,4045,-1,37874
2571,4045,126,37874
2570,4045,-1,37874
2571,4045,127,37874
2570,4045,-1,37874
2571,4045,127,37874
2571,4045,-1,37874
2570,4045,127,37874
2571,4045,-1,37874
2571,4045,127,37874
2569,4045,-1,37874
2569,4045,128,37874
2571,4045,-1,37874
2570,4045,126,37874
2570,4045,-1,37874
2571,4045,127,37874
2570,4045,-1,37874
2569,4045,127,37874
2569,4045,-1,37874
2570,4045,127,37874
2570,4045,-1,37874
2570,4045,127,37874
2570,4045,-1,37874
2570,4045,127,37874
2570,4045,-1,37874
2569,4045,127,37874
2569,4045,-1,37874
2569,4045,127,37874
2570,4045,-1,37874
2569,4045,127,37874
2569,4045,-1,37874
2570,4045,126,37874
2569,4045,-1,37874
2570,4045,126,37874
2570,4045,-1,37874
2570,4045,126,37874
2569,4045,-1,37874
2569,4045,126,37874
2570,4045,-1,37874
2569,4045,126,37874
2568,4045,-1,37874
2570,4045,126,37874
2571,4045,-1,37874
2569,4045,126,37874
2569,4045,-1,37874
2569,4045,125,37874
2569,4045,-1,37874
2569,4045,126,37874
2570,4045,-1,37874
2568,4045,126,37874
2569,4045,-1,37874
2569,4045,126,37874
2569,4045,-1,37874
2569,4045,126,37874
2569,4045,-1,37874
2569,4045,126,37874
2569,4045,-1,37874
2569,4045,126,37874
2569,4045,-1,37874
2569,4045,126,37874
2568,4045,-1,37874
2569,4045,126,37874
2568,4045,-1,37874
2569,4045,125,37874
2569,4045,-1,37874
2569,4045,126,37874
2570,4045,-1,37874
2569,4045,126,37874
2569,4045,-1,37874
2569,4045,126,37874
2568,4045,-1,37874
2569,4045,125,37874
2569,4045,-1,37874
2569,4045,126,37874
2569,4045,-1,37874
2568,4045,126,37874
2569,4045,-1,37874
2570,4045,126,37874
2569,4045,-1,37874
2567,4045,126,37874
2569,4045,-1,37874
2570,4045,126,37874
2569,4045,-1,37874
2568,4045,126,37874
2570,4045,-1,37874
2568,4045,126,37874
2569,4045,-1,37874
2570,4045,126,37874
2569,4045,-1,37874
2569,4045,126,37874
2569,4045,-1,37874
2569,4045,126,37874
2568,4045,-1,37874
2568,4045,126,37874
2569,4045,-1,37874
2569,4045,125,37874
2568,4045,-1,37874
2569,4045,125,37874
2569,4045,-1,37874
2569,4045,126,37874
2568,4045,-1,37874
2569,4045,126,37874
2568,4045,-1,37874
2569,4045,126,37874
2568,4045,-1,37874
2569,4045,126,37874
2569,4045,-1,37874
2568,4045,126,37874
2569,4045,-1,37874
2568,4045,125,37874
2568,4045,-1,37874
2569,4045,126,37874
2568,4045,-1,37874
2568,4045,126,37874
2567,4045,-1,37874
2569,4045,126,37874
2567,4045,-1,37874
2569,4045,127,37874
2568,4045,-1,37874
2568,4045,127,37874
2568,4045,-1,37874
2568,4045,127,37874
2569,4045,-1,37874
2568,4045,127,37874
2568,4045,-1,37874
2569,4045,126,37874
2569,4045,-1,37874
2569,4045,127,37874
2568,4045,-1,37874
2569,4045,127,37874
2568,4045,-1,37874
2569,4045,127,37874
2569,4045,-1,37874
2568,4045,127,37874
2568,4045,-1,37874
2567,4045,127,37874
2569,4045,-1,37874
2568,4045,127,37874
2568,4045,-1,37874
2569,4045,125,37874
2569,4045,-1,37874
2567,4045,126,37874
2568,4045,-1,37874
2568,4045,125,37874
2568,4045,-1,37874
2569,4045,125,37874
2569,4045,-1,37874
2568,4045,124,37874
2568,4045,-1,37874
2568,4045,123,37874
2569,4045,-1,37874
2567,4045,123,37874
2567,4045,-1,37874
2567,4045,124,37874
2568,4045,-1,37874
2568,4045,123,37874
2568,4045,-1,37874
2568,4045,123,37874
2568,4045,-1,37874
2568,4045,123,37874
2567,4045,-1,37874
2567,4045,123,37874
2567,4045,-1,37874
2568,4045,124,37874
2567,4045,-1,37874
2568,4045,123,37874
2567,4045,-1,37874
2568,4045,123,37874

