344,43,-1,37796
342,43,445,37796
344,43,-1,37796
344,43,433,37796
344,43,-1,37796
343,43,402,37796
344,43,-1,37796
344,43,385,37796
343,43,-1,37796
342,43,394,37796
344,43,-1,37796
343,43,458,37796
343,43,-1,37796
343,43,845,37796
344,43,-1,37796
343,43,16911,37796
343,43,-1,37796
343,43,37889,37796
344,43,-1,37796
343,43,37889,37796
343,43,-1,37796
344,43,36671,37796
344,43,-1,37796
342,43,33176,37796
343,43,-1,37796
344,43,411,37796
343,43,-1,37796
343,43,494,37796
344,43,-1,37796
344,43,3327,37796
343,43,-1,37796
344,43,30700,37796
343,43,-1,37796
343,43,9734,37796
343,43,-1,37796
344,43,580,37796
344,43,-1,37796
343,43,19176,37796
343,43,-1,37796
344,43,27971,37796
344,43,-1,37796
343,43,560,37796
343,43,-1,37796
344,43,915,37796
343,43,-1,37796
343,43,4960,37796
343,43,-1,37796
343,43,22095,37796
343,43,-1,37796
342,43,1852,37796
343,43,-1,37796
344,43,798,37796
343,43,-1,37796
343,43,875,37796
344,43,-1,37796
344,43,1203,37796
343,43,-1,37796
343,43,37889,37796
344,43,-1,37796
344,43,37889,37796
343,43,-1,37796
343,43,37889,37796
344,43,-1,37796
343,43,16677,37796
342,43,-1,37796
343,43,37889,37796
344,43,-1,37796
344,43,35514,37796
343,43,-1,37796
342,43,36002,37796
343,43,-1,37796
343,43,37889,37796
342,43,-1,37796
342,43,37889,37796
343,43,-1,37796
343,43,35388,37796
343,43,-1,37796
343,43,3457,37796
343,43,-1,37796
343,43,15970,37796
342,43,-1,37796
342,43,37862,37796
343,43,-1,37796
343,43,37889,37796
342,43,-1,37796
343,43,37889,37796
343,43,-1,37796
343,43,37889,37796
343,43,-1,37796
343,43,37790,37796
344,43,-1,37796
343,43,3341,37796
342,43,-1,37796
342,43,37889,37796
343,43,-1,37796
343,43,6210,37796
342,43,-1,37796
343,43,1776,37796
343,43,-1,37796
343,43,471,37796
343,43,-1,37796
343,43,390,37796
343,43,-1,37796
342,43,397,37796
343,43,-1,37796
344,43,391,37796
343,43,-1,37796
343,43,388,37796
343,43,-1,37796
344,43,307,37796
344,43,-1,37796
343,43,278,37796
343,43,-1,37796
344,43,278,37796
343,43,-1,37796
342,43,282,37796
344,43,-1,37796
343,43,320,37796
342,43,-1,37796
343,43,205,37796
344,43,-1,37796
343,43,108,37796
343,43,-1,37796
343,43,102,37796
343,43,-1,37796
344,43,101,37796
342,43,-1,37796
343,43,103,37796
344,43,-1,37796
343,43,102,37796
343,43,-1,37796
343,43,103,37796
344,43,-1,37796
343,43,103,37796
343,43,-1,37796
344,43,102,37796
343,43,-1,37796
343,43,103,37796
343,43,-1,37796
344,43,103,37796
343,43,-1,37796
343,43,103,37796
343,43,-1,37796
344,43,104,37796
343,43,-1,37796
343,43,104,37796
343,43,-1,37796
344,43,104,37796
343,43,-1,37796
342,43,102,37796
343,43,-1,37796
343,43,100,37796
343,43,-1,37796
343,43,96,37796
344,43,-1,37796
343,43,89,37800
343,43,-1,37800
343,43,86,37803
344,43,-1,37803
343,43,87,37803
342,43,-1,37803
343,43,86,37803
344,43,-1,37803
335,43,86,37803
342,43,-1,37803
344,43,86,37803
343,43,-1,37803
342,43,87,37803
343,43,-1,37803
343,43,86,37803
342,43,-1,37803
342,43,87,37803
342,43,-1,37803
343,43,92,37803
341,43,-1,37803
311,43,94,37803
300,45,-1,37803
300,45,94,37803
296,49,-1,37803
297,49,93,37803
299,49,-1,37803
298,49,92,37803
298,49,-1,37803
312,49,94,37803
343,49,-1,37803
339,49,93,37803
319,49,-1,37803
316,49,93,37803
294,51,-1,37803
298,51,92,37803
292,53,-1,37803
289,56,93,37803
324,56,-1,37803
290,56,92,37803
284,61,-1,37803
290,61,94,37803
300,61,-1,37803
365,81,96,37803
368,84,-1,37803
380,96,218,37803
384,100,-1,37803
385,101,1582,37803
398,114,-1,37803
410,126,1041,37803
415,131,-1,37803
415,131,2889,37803
411,131,-1,37803
415,131,508,37803
414,131,-1,37803
412,131,496,37803
407,131,-1,37803
407,131,1014,37803
410,131,-1,37803
408,131,1188,37803
404,131,-1,37803
402,131,1705,37803
400,131,-1,37803
386,131,2135,37803
370,131,-1,37803
370,131,3025,37803
340,131,-1,37803
315,131,1647,37803
325,131,-1,37803
335,131,1123,37803
334,131,-1,37803
329,131,233,37803
328,131,-1,37803
327,131,327,37803
338,131,-1,37803
351,131,332,37803
362,131,-1,37803
362,131,282,37803
353,131,-1,37803
324,131,229,37803
283,132,-1,37803
280,135,237,37803
274,141,-1,37803
280,141,277,37803
275,141,-1,37803
267,148,245,37803
262,153,-1,37803
267,153,148,37803
304,153,-1,37803
288,153,427,37803
262,153,-1,37803
265,153,254,37803
266,153,-1,37803
267,153,320,37803
263,153,-1,37803
267,153,98,37803
266,153,-1,37803
266,153,97,37803
266,153,-1,37803
264,153,97,37803
265,153,-1,37803
265,153,100,37803
267,153,-1,37803
283,153,443,37803
302,153,-1,37803
324,153,566,37803
335,153,-1,37803
339,153,668,37803
339,153,-1,37803
339,153,668,37803
342,153,-1,37803
348,153,686,37803
355,153,-1,37803
367,153,747,37803
367,153,-1,37803
366,153,819,37803
367,153,-1,37803
368,153,745,37803
370,153,-1,37803
369,153,684,37803
370,153,-1,37803
375,153,1607,37803
377,153,-1,37803
380,153,611,37803
380,153,-1,37803
380,153,690,37803
380,153,-1,37803
380,153,723,37803
382,153,-1,37803
382,153,693,37803
382,153,-1,37803
380,153,727,37803
380,153,-1,37803
382,153,728,37803
382,153,-1,37803
381,153,741,37803
381,153,-1,37803
380,153,740,37803
380,153,-1,37803
379,153,741,37803
380,153,-1,37803
380,153,747,37803
377,153,-1,37803
377,153,751,37803
379,153,-1,37803
380,153,752,37803
379,153,-1,37803
380,153,757,37803
379,153,-1,37803
378,153,759,37803
379,153,-1,37803
378,153,768,37803
378,153,-1,37803
375,153,816,37803
369,153,-1,37803
368,153,696,37803
366,153,-1,37803
366,153,731,37803
366,153,-1,37803
364,153,753,37803
360,153,-1,37803
366,153,1228,37803
313,153,-1,37803
341,153,473,37803
342,153,-1,37803
343,153,381,37803
343,153,-1,37803
342,153,91,37803
343,153,-1,37803
344,153,90,37803
343,153,-1,37803
342,153,90,37803
343,153,-1,37803
344,153,92,37803
342,153,-1,37803
342,153,94,37803
344,153,-1,37803
344,153,1644,37803
343,153,-1,37803
343,153,932,37803
344,153,-1,37803
344,153,708,37803
343,153,-1,37803
342,153,5409,37803
343,153,-1,37803
344,153,3224,37803
343,153,-1,37803
342,153,606,37803
343,153,-1,37803
343,153,574,37803
342,153,-1,37803
343,153,15125,37803
344,153,-1,37803
344,153,17334,37803
342,153,-1,37803
343,153,22790,37803
344,153,-1,37803
343,153,16369,37803
342,153,-1,37803
343,153,16225,37803
344,153,-1,37803
343,153,14821,37803
342,153,-1,37803
343,153,14929,37803
344,153,-1,37803
343,153,15840,37803
342,153,-1,37803
343,153,15952,37803
344,153,-1,37803
343,153,16375,37803
342,153,-1,37803
344,153,10556,37803
344,153,-1,37803
342,153,97,37803
343,153,-1,37803
344,153,108,37803
343,153,-1,37803
342,153,115,37803
343,153,-1,37803
344,153,109,37803
343,153,-1,37803
342,153,108,37803
343,153,-1,37803
344,153,107,37803
343,153,-1,37803
342,153,106,37803
343,153,-1,37803
344,153,106,37803
343,153,-1,37803
342,153,104,37803
343,153,-1,37803
344,153,96,37803
343,153,-1,37803
342,153,95,37803
344,153,-1,37803
343,153,95,37803
342,153,-1,37803
343,153,94,37803
344,153,-1,37803
343,153,95,37803
342,153,-1,37803
344,153,95,37803
343,153,-1,37803
342,153,96,37803
342,153,-1,37803
344,153,95,37803
343,153,-1,37803
342,153,95,37803
343,153,-1,37803
344,153,96,37803
343,153,-1,37803
343,153,96,37803
344,153,-1,37803
344,153,96,37803
342,153,-1,37803
343,153,95,37803
344,153,-1,37803
344,153,95,37803
343,153,-1,37803
344,153,95,37803
344,153,-1,37803
343,153,96,37803
343,153,-1,37803
344,153,96,37803
344,153,-1,37803
342,153,95,37803
343,153,-1,37803
344,153,95,37803
343,153,-1,37803
342,153,96,37803
343,153,-1,37803
344,153,95,37803
343,153,-1,37803
342,153,94,37803
344,153,-1,37803
344,153,95,37803
343,153,-1,37803
343,153,95,37803
344,153,-1,37803
343,153,95,37803
342,153,-1,37803
343,153,96,37803
344,153,-1,37803
343,153,95,37803
343,153,-1,37803
344,153,95,37803
344,153,-1,37803
342,153,95,37803
343,153,-1,37803
344,153,95,37803
343,153,-1,37803
342,153,96,37803
343,153,-1,37803
344,153,96,37803
343,153,-1,37803
343,153,96,37803
344,153,-1,37803
344,153,96,37803
343,153,-1,37803
343,153,96,37803
344,153,-1,37803
344,153,96,37803
343,153,-1,37803
343,153,96,37803
344,153,-1,37803
343,153,96,37803
343,153,-1,37803
344,153,96,37803
344,153,-1,37803
343,153,96,37803
343,153,-1,37803
344,153,96,37803
344,153,-1,37803
342,153,95,37803
344,153,-1,37803
344,153,95,37803
343,153,-1,37803
343,153,95,37803
344,153,-1,37803
344,153,96,37803
343,153,-1,37803
343,153,95,37803
344,153,-1,37803
344,153,96,37803
343,153,-1,37803
344,153,96,37803
344,153,-1,37803
342,153,95,37803
343,153,-1,37803
344,153,96,37803
343,153,-1,37803
342,153,96,37803
343,153,-1,37803
344,153,96,37803
343,153,-1,37803
342,153,95,37803
344,153,-1,37803
344,153,95,37803
342,153,-1,37803
343,153,95,37803
344,153,-1,37803
343,153,95,37803
343,153,-1,37803
343,153,96,37803
344,153,-1,37803
343,153,95,37803
342,153,-1,37803
343,153,95,37803
344,153,-1,37803
343,153,95,37803
342,153,-1,37803
343,153,96,37803
344,153,-1,37803
343,153,96,37803
342,153,-1,37803
343,153,96,37803
344,153,-1,37803
342,153,96,37803
342,153,-1,37803
344,153,95,37803
344,153,-1,37803
342,153,95,37803
342,153,-1,37803
344,153,95,37803
343,153,-1,37803
342,153,96,37803
342,153,-1,37803
344,153,96,37803
344,153,-1,37803
342,153,96,37803
343,153,-1,37803
344,153,96,37803
343,153,-1,37803
342,153,96,37803
343,153,-1,37803
344,153,96,37803
343,153,-1,37803
342,153,96,37803
343,153,-1,37803
344,153,96,37803
342,153,-1,37803
342,153,95,37803
343,153,-1,37803
344,153,95,37803
342,153,-1,37803
343,153,96,37803
344,153,-1,37803
343,153,96,37803
342,153,-1,37803
343,153,95,37803
344,153,-1,37803
344,153,96,37803
342,153,-1,37803
343,153,95,37803
344,153,-1,37803
343,153,95,37803
342,153,-1,37803
343,153,95,37803
343,153,-1,37803
343,153,95,37803
342,153,-1,37803
344,153,96,37803
343,153,-1,37803
342,153,95,37803
343,153,-1,37803
343,153,95,37803
343,153,-1,37803
342,153,95,37803
342,153,-1,37803
343,153,95,37803
343,153,-1,37803
342,153,96,37803
342,153,-1,37803
344,153,95,37803
343,153,-1,37803
342,153,96,37803
342,153,-1,37803
344,153,95,37803
343,153,-1,37803
342,153,95,37803
343,153,-1,37803
344,153,96,37803
342,153,-1,37803
342,153,96,37803
343,153,-1,37803
344,153,96,37803
343,153,-1,37803
342,153,96,37803
343,153,-1,37803
343,153,97,37803
342,153,-1,37803
342,153,97,37803
344,153,-1,37803
343,153,97,37803
342,153,-1,37803
342,153,97,37803
344,153,-1,37803
343,153,97,37803
342,153,-1,37803
343,153,98,37803
344,153,-1,37803
342,153,97,37803
343,153,-1,37803
344,153,97,37803
343,153,-1,37803
342,153,97,37803
343,153,-1,37803
344,153,97,37803
343,153,-1,37803
342,153,97,37803
343,153,-1,37803
344,153,97,37803
343,153,-1,37803
342,153,97,37803
343,153,-1,37803
343,153,98,37803
342,153,-1,37803
343,153,98,37803
344,153,-1,37803
343,153,98,37803
342,153,-1,37803
343,153,98,37803
344,153,-1,37803
343,153,98,37803
342,153,-1,37803
343,153,97,37803
344,153,-1,37803
342,153,97,37803
343,153,-1,37803
344,153,97,37803
343,153,-1,37803
342,153,97,37803
343,153,-1,37803
345,153,98,37803
343,153,-1,37803
343,153,97,37803
344,153,-1,37803
344,153,97,37803
343,153,-1,37803
343,153,96,37803
344,153,-1,37803
343,153,96,37803
343,153,-1,37803
344,153,96,37803
344,153,-1,37803
343,153,97,37803
343,153,-1,37803
344,153,97,37803
344,153,-1,37803
343,153,98,37803
343,153,-1,37803
344,153,98,37803
344,153,-1,37803
343,153,97,37803
344,153,-1,37803
345,153,97,37803
344,153,-1,37803
343,153,97,37803
344,153,-1,37803
344,153,97,37803
343,153,-1,37803
343,153,97,37803
345,153,-1,37803
344,153,96,37803
342,153,-1,37803
344,153,97,37803
345,153,-1,37803
343,153,97,37803
343,153,-1,37803
344,153,97,37803
344,153,-1,37803
343,153,97,37803
343,153,-1,37803
345,153,97,37803
344,153,-1,37803
343,153,97,37803
344,153,-1,37803
345,153,96,37803
343,153,-1,37803
343,153,99,37803
344,153,-1,37803
345,153,103,37803
343,153,-1,37803
343,153,107,37803
345,153,-1,37803
344,153,109,37803
343,153,-1,37803
344,153,108,37803
345,153,-1,37803
344,153,108,37803
343,153,-1,37803
343,153,108,37803
344,153,-1,37803
343,153,107,37803
343,153,-1,37803
344,153,106,37803
344,153,-1,37803
343,153,106,37803
343,153,-1,37803
344,153,106,37803
344,153,-1,37803
342,153,105,37803
343,153,-1,37803
345,153,103,37803
344,153,-1,37803
342,153,97,37803
344,153,-1,37803
345,153,93,37803
344,153,-1,37803
343,153,92,37803
344,153,-1,37803
345,153,93,37803
343,153,-1,37803
344,153,93,37803
345,153,-1,37803
343,153,93,37803
344,153,-1,37803
345,153,92,37803
344,153,-1,37803
343,153,92,37803
344,153,-1,37803
345,153,93,37803
344,153,-1,37803
343,153,92,37803
344,153,-1,37803
345,153,92,37803
343,153,-1,37803
343,153,92,37803
345,153,-1,37803
344,153,92,37803
343,153,-1,37803
344,153,93,37803
345,153,-1,37803
343,153,93,37803
343,153,-1,37803
345,153,93,37803
344,153,-1,37803
343,153,92,37803
343,153,-1,37803
345,153,93,37803
344,153,-1,37803
343,153,93,37803
343,153,-1,37803
345,153,93,37803
344,153,-1,37803
343,153,93,37803
344,153,-1,37803
345,153,92,37803
344,153,-1,37803
343,153,93,37803
344,153,-1,37803
345,153,93,37803
343,153,-1,37803
343,153,93,37803
344,153,-1,37803
344,153,93,37803
343,153,-1,37803
343,153,92,37803
344,153,-1,37803
344,153,93,37803
343,153,-1,37803
344,153,93,37803
344,153,-1,37803
344,153,93,37803
343,153,-1,37803
344,153,92,37803
344,153,-1,37803
343,153,93,37803
343,153,-1,37803
344,153,93,37803
344,153,-1,37803
343,153,93,37803
343,153,-1,37803
345,153,93,37803
344,153,-1,37803
343,153,92,37803
344,153,-1,37803
345,153,93,37803
344,153,-1,37803
343,153,93,37803
344,153,-1,37803
344,153,93,37803
343,153,-1,37803
343,153,93,37803
344,153,-1,37803
344,153,93,37803
343,153,-1,37803
344,153,94,37803
344,153,-1,37803
344,153,94,37803
343,153,-1,37803
344,153,94,37803
344,153,-1,37803
343,153,93,37803
343,153,-1,37803
344,153,94,37803
344,153,-1,37803
343,153,94,37803
343,153,-1,37803
345,153,95,37803
344,153,-1,37803
342,153,95,37803
344,153,-1,37803
344,153,96,37803
343,153,-1,37803
343,153,95,37803
344,153,-1,37803
344,153,95,37803
343,153,-1,37803
343,153,95,37803
344,153,-1,37803
344,153,96,37803
343,153,-1,37803
343,153,95,37803
344,153,-1,37803
344,153,95,37803
343,153,-1,37803
343,153,95,37803
344,153,-1,37803
344,153,96,37803
343,153,-1,37803
344,153,96,37803
345,153,-1,37803
344,153,95,37803
343,153,-1,37803
344,153,95,37803
344,153,-1,37803
343,153,96,37803
343,153,-1,37803
345,153,95,37803
343,153,-1,37803
342,153,95,37803
343,153,-1,37803
344,153,95,37803
344,153,-1,37803
343,153,96,37803
343,153,-1,37803
345,153,96,37803
344,153,-1,37803
343,153,95,37803
344,153,-1,37803
345,153,95,37803
344,153,-1,37803
343,153,95,37803
343,153,-1,37803
344,153,95,37803
343,153,-1,37803
343,153,94,37803
345,153,-1,37803
344,153,94,37803
343,153,-1,37803
344,153,94,37803
344,153,-1,37803
343,153,102,37803
343,153,-1,37803
345,153,103,37803
344,153,-1,37803
342,153,112,37803
343,153,-1,37803
345,153,121,37803
344,153,-1,37803
343,153,123,37803
343,153,-1,37803
345,153,123,37803
344,153,-1,37803
343,153,123,37803
344,153,-1,37803
344,153,122,37803
343,153,-1,37803
343,153,117,37803
345,153,-1,37803
343,153,115,37803
343,153,-1,37803
345,153,116,37803
344,153,-1,37803
343,153,116,37803
344,153,-1,37803
345,153,115,37803
344,153,-1,37803
343,153,115,37803
344,153,-1,37803
345,153,116,37803
344,153,-1,37803
343,153,115,37803
344,153,-1,37803
345,153,113,37803
344,153,-1,37803
343,153,115,37803
344,153,-1,37803
345,153,114,37803
344,153,-1,37803
343,153,114,37803
345,153,-1,37803
344,153,115,37803
343,153,-1,37803
344,153,115,37803
345,153,-1,37803
344,153,114,37803
343,153,-1,37803
345,153,114,37803
344,153,-1,37803
343,153,114,37803
343,153,-1,37803
345,153,114,37803
344,153,-1,37803
343,153,115,37803
344,153,-1,37803
345,153,115,37803
343,153,-1,37803
343,153,114,37803
345,153,-1,37803
344,153,115,37803
343,153,-1,37803
344,153,114,37803
345,153,-1,37803
344,153,112,37803
343,153,-1,37803
345,153,112,37803
345,153,-1,37803
343,153,112,37803
343,153,-1,37803
345,153,111,37803
344,153,-1,37803
343,153,111,37803
343,153,-1,37803
345,153,111,37803
344,153,-1,37803
343,153,111,37803
344,153,-1,37803
345,153,110,37803
344,153,-1,37803
343,153,110,37803
344,153,-1,37803
345,153,110,37803
344,153,-1,37803
343,153,110,37803
345,153,-1,37803
344,153,110,37803
343,153,-1,37803
344,153,111,37803
345,153,-1,37803
343,153,110,37803
344,153,-1,37803
345,153,111,37803
344,153,-1,37803
342,153,111,37803
344,153,-1,37803
345,153,111,37803
343,153,-1,37803
343,153,111,37803
345,153,-1,37803
344,153,110,37803
343,153,-1,37803
344,153,111,37803
345,153,-1,37803
344,153,111,37803
343,153,-1,37803
345,153,112,37803
344,153,-1,37803
343,153,112,37803
344,153,-1,37803
345,153,112,37803
344,153,-1,37803
343,153,111,37803
344,153,-1,37803
345,153,112,37803
344,153,-1,37803
343,153,112,37803
344,153,-1,37803
345,153,112,37803
344,153,-1,37803
343,153,112,37803
344,153,-1,37803
345,153,112,37803
344,153,-1,37803
343,153,112,37803
344,153,-1,37803
344,153,112,37803
343,153,-1,37803
343,153,112,37803
345,153,-1,37803
344,153,112,37803
343,153,-1,37803
344,153,112,37803
345,153,-1,37803
344,153,112,37803
343,153,-1,37803
344,153,112,37803
345,153,-1,37803
344,153,112,37803
343,153,-1,37803
345,153,112,37803
344,153,-1,37803
343,153,113,37803
344,153,-1,37803
345,153,113,37803
344,153,-1,37803
343,153,113,37803
344,153,-1,37803
345,153,113,37803
344,153,-1,37803
343,153,113,37803
344,153,-1,37803
345,153,112,37803
344,153,-1,37803
343,153,112,37803
344,153,-1,37803
345,153,112,37803
344,153,-1,37803
343,153,113,37803
345,153,-1,37803
345,153,112,37803
343,153,-1,37803
343,153,112,37803
345,153,-1,37803
344,153,112,37803
342,153,-1,37803
343,153,112,37803
344,153,-1,37803
344,153,111,37803
343,153,-1,37803
344,153,112,37803
345,153,-1,37803
344,153,112,37803
343,153,-1,37803
344,153,112,37803
345,153,-1,37803
343,153,112,37803
343,153,-1,37803
344,153,113,37803
345,153,-1,37803
344,153,112,37803
343,153,-1,37803
344,153,112,37803
344,153,-1,37803
343,153,113,37803
343,153,-1,37803
345,153,113,37803
344,153,-1,37803
343,153,113,37803
344,153,-1,37803
345,153,113,37803
344,153,-1,37803
343,153,115,37803
344,153,-1,37803
345,153,114,37803
343,153,-1,37803
343,153,113,37803
344,153,-1,37803
345,153,113,37803
343,153,-1,37803
343,153,113,37803
344,153,-1,37803
344,153,112,37803
343,153,-1,37803
343,153,113,37803
345,153,-1,37803
344,153,112,37803
343,153,-1,37803
344,153,112,37803
345,153,-1,37803
344,153,113,37803
343,153,-1,37803
344,153,113,37803
345,153,-1,37803
343,153,113,37803
343,153,-1,37803
345,153,114,37803
344,153,-1,37803
343,153,113,37803
343,153,-1,37803
345,153,113,37803
344,153,-1,37803
343,153,112,37803
344,153,-1,37803
345,153,113,37803
344,153,-1,37803
343,153,112,37803
344,153,-1,37803
345,153,112,37803
343,153,-1,37803
344,153,112,37803
345,153,-1,37803
344,153,112,37803
343,153,-1,37803
344,153,112,37803
345,153,-1,37803
343,153,112,37803
344,153,-1,37803
345,153,112,37803
344,153,-1,37803
343,153,112,37803
343,153,-1,37803
345,153,112,37803
344,153,-1,37803
343,153,112,37803
344,153,-1,37803
345,153,112,37803
344,153,-1,37803
343,153,112,37803
344,153,-1,37803
345,153,112,37803
343,153,-1,37803
343,153,112,37803
344,153,-1,37803
345,153,112,37803
343,153,-1,37803
343,153,112,37803
345,153,-1,37803
344,153,113,37803
342,153,-1,37803
344,153,112,37803
345,153,-1,37803
343,153,113,37803
344,153,-1,37803
345,153,113,37803
344,153,-1,37803
343,153,113,37803
344,153,-1,37803
345,153,113,37803
344,153,-1,37803
343,153,114,37803
344,153,-1,37803

